-- phpMyAdmin SQL Dump
-- version 4.8.5
-- https://www.phpmyadmin.net/
--
-- Host: 127.0.0.1
-- Generation Time: Feb 28, 2020 at 01:30 AM
-- Server version: 10.1.38-MariaDB
-- PHP Version: 7.3.2

SET SQL_MODE = "NO_AUTO_VALUE_ON_ZERO";
SET AUTOCOMMIT = 0;
START TRANSACTION;
SET time_zone = "+00:00";


/*!40101 SET @OLD_CHARACTER_SET_CLIENT=@@CHARACTER_SET_CLIENT */;
/*!40101 SET @OLD_CHARACTER_SET_RESULTS=@@CHARACTER_SET_RESULTS */;
/*!40101 SET @OLD_COLLATION_CONNECTION=@@COLLATION_CONNECTION */;
/*!40101 SET NAMES utf8mb4 */;

--
-- Database: `myschool`
--
CREATE DATABASE IF NOT EXISTS `myschool` DEFAULT CHARACTER SET latin1 COLLATE latin1_swedish_ci;
USE `myschool`;

-- --------------------------------------------------------

--
-- Table structure for table `account`
--

CREATE TABLE `account` (
  `account_id` int(11) NOT NULL,
  `teacher_id` int(11) DEFAULT NULL,
  `username` varchar(50) NOT NULL,
  `password` varchar(50) NOT NULL,
  `level` int(11) NOT NULL
) ENGINE=InnoDB DEFAULT CHARSET=latin1;

--
-- Dumping data for table `account`
--

INSERT INTO `account` (`account_id`, `teacher_id`, `username`, `password`, `level`) VALUES
(1, 32, 'dummy', '668957a39df977c14f23c9ba819890a3', 1),
(4, 35, 'Margeline.Cabonce', '668957a39df977c14f23c9ba819890a3', 1),
(5, 36, 'Leonita.Ga-as', '668957a39df977c14f23c9ba819890a3', 1),
(6, 37, 'DG.Dohinog', '668957a39df977c14f23c9ba819890a3', 1),
(7, 38, 'Denise.Leyson', '668957a39df977c14f23c9ba819890a3', 1),
(8, 39, 'Diobel.Tagaro', '668957a39df977c14f23c9ba819890a3', 1),
(9, 40, 'Rex.Montederamos', '668957a39df977c14f23c9ba819890a3', 1),
(10, 41, 'Fritzi.Ebrado', '668957a39df977c14f23c9ba819890a3', 1),
(11, 42, 'Orlando.Toledo', '668957a39df977c14f23c9ba819890a3', 2);

-- --------------------------------------------------------

--
-- Table structure for table `attendance`
--

CREATE TABLE `attendance` (
  `attendance_id` int(11) NOT NULL,
  `enrollment_id` int(11) NOT NULL,
  `subject` int(11) NOT NULL,
  `att_date` date NOT NULL,
  `present` tinyint(1) NOT NULL,
  `cons_absent` int(11) NOT NULL
) ENGINE=InnoDB DEFAULT CHARSET=latin1;

--
-- Dumping data for table `attendance`
--

INSERT INTO `attendance` (`attendance_id`, `enrollment_id`, `subject`, `att_date`, `present`, `cons_absent`) VALUES
(176, 13, 7, '2020-02-17', 1, 0),
(177, 12, 7, '2020-02-17', 1, 0),
(178, 14, 7, '2020-02-17', 1, 0),
(179, 15, 7, '2020-02-17', 1, 0),
(180, 16, 7, '2020-02-17', 1, 0),
(181, 17, 7, '2020-02-17', 1, 0),
(182, 18, 7, '2020-02-17', 1, 0),
(183, 19, 7, '2020-02-17', 1, 0),
(184, 20, 7, '2020-02-17', 1, 0),
(185, 21, 7, '2020-02-17', 1, 0),
(186, 22, 7, '2020-02-17', 1, 0),
(187, 24, 7, '2020-02-17', 1, 0),
(188, 23, 7, '2020-02-17', 1, 0),
(189, 26, 7, '2020-02-17', 1, 0),
(190, 25, 7, '2020-02-17', 1, 0),
(191, 27, 7, '2020-02-17', 1, 0),
(192, 28, 7, '2020-02-17', 1, 0),
(193, 29, 7, '2020-02-17', 1, 0),
(194, 30, 7, '2020-02-17', 1, 0),
(195, 31, 7, '2020-02-17', 1, 0),
(196, 32, 7, '2020-02-17', 1, 0),
(197, 33, 7, '2020-02-17', 1, 0),
(198, 34, 7, '2020-02-17', 1, 0),
(199, 35, 7, '2020-02-17', 1, 0),
(200, 38, 7, '2020-02-17', 1, 0),
(201, 36, 7, '2020-02-17', 1, 0),
(202, 37, 7, '2020-02-17', 1, 0),
(203, 39, 7, '2020-02-17', 1, 0),
(204, 40, 7, '2020-02-17', 1, 0),
(205, 41, 7, '2020-02-17', 0, 0),
(206, 42, 7, '2020-02-17', 1, 0),
(207, 44, 7, '2020-02-17', 1, 0),
(208, 43, 7, '2020-02-17', 1, 0),
(209, 45, 7, '2020-02-17', 1, 0),
(210, 46, 7, '2020-02-17', 1, 0),
(211, 47, 7, '2020-02-17', 1, 0),
(213, 48, 7, '2020-02-17', 1, 0),
(214, 49, 7, '2020-02-17', 1, 0),
(215, 51, 7, '2020-02-17', 1, 0),
(216, 12, 8, '2020-02-17', 1, 0),
(217, 13, 8, '2020-02-17', 1, 0),
(218, 14, 8, '2020-02-17', 1, 0),
(219, 15, 8, '2020-02-17', 1, 0),
(220, 16, 8, '2020-02-17', 1, 0),
(221, 17, 8, '2020-02-17', 1, 0),
(222, 18, 8, '2020-02-17', 1, 0),
(223, 19, 8, '2020-02-17', 1, 0),
(224, 20, 8, '2020-02-17', 1, 0),
(225, 21, 8, '2020-02-17', 1, 0),
(226, 22, 8, '2020-02-17', 1, 0),
(227, 23, 8, '2020-02-17', 1, 0),
(228, 24, 8, '2020-02-17', 1, 0),
(229, 25, 8, '2020-02-17', 1, 0),
(230, 26, 8, '2020-02-17', 1, 0),
(231, 27, 8, '2020-02-17', 1, 0),
(232, 28, 8, '2020-02-17', 1, 0),
(233, 29, 8, '2020-02-17', 1, 0),
(234, 30, 8, '2020-02-17', 1, 0),
(235, 31, 8, '2020-02-17', 1, 0),
(236, 32, 8, '2020-02-17', 1, 0),
(237, 33, 8, '2020-02-17', 1, 0),
(238, 34, 8, '2020-02-17', 1, 0),
(239, 35, 8, '2020-02-17', 1, 0),
(240, 36, 8, '2020-02-17', 1, 0),
(241, 37, 8, '2020-02-17', 1, 0),
(242, 38, 8, '2020-02-17', 1, 0),
(243, 39, 8, '2020-02-17', 1, 0),
(244, 40, 8, '2020-02-17', 1, 0),
(245, 41, 8, '2020-02-17', 1, 0),
(246, 42, 8, '2020-02-17', 1, 0),
(247, 44, 8, '2020-02-17', 1, 0),
(248, 43, 8, '2020-02-17', 1, 0),
(249, 45, 8, '2020-02-17', 1, 0),
(250, 46, 8, '2020-02-17', 0, 0),
(251, 49, 8, '2020-02-17', 1, 0),
(252, 48, 8, '2020-02-17', 1, 0),
(253, 47, 8, '2020-02-17', 1, 0),
(254, 51, 8, '2020-02-17', 1, 0),
(255, 12, 9, '2020-02-17', 1, 0),
(256, 13, 9, '2020-02-17', 1, 0),
(257, 14, 9, '2020-02-17', 1, 0),
(258, 15, 9, '2020-02-17', 1, 0),
(259, 17, 9, '2020-02-17', 1, 0),
(260, 16, 9, '2020-02-17', 1, 0),
(261, 18, 9, '2020-02-17', 1, 0),
(262, 19, 9, '2020-02-17', 1, 0),
(263, 20, 9, '2020-02-17', 1, 0),
(264, 21, 9, '2020-02-17', 1, 0),
(265, 22, 9, '2020-02-17', 1, 0),
(266, 23, 9, '2020-02-17', 1, 0),
(267, 24, 9, '2020-02-17', 1, 0),
(268, 25, 9, '2020-02-17', 1, 0),
(269, 26, 9, '2020-02-17', 1, 0),
(270, 27, 9, '2020-02-17', 1, 0),
(271, 28, 9, '2020-02-17', 1, 0),
(272, 29, 9, '2020-02-17', 1, 0),
(273, 30, 9, '2020-02-17', 1, 0),
(274, 31, 9, '2020-02-17', 1, 0),
(275, 32, 9, '2020-02-17', 1, 0),
(276, 33, 9, '2020-02-17', 1, 0),
(277, 34, 9, '2020-02-17', 1, 0),
(278, 35, 9, '2020-02-17', 1, 0),
(279, 36, 9, '2020-02-17', 1, 0),
(280, 37, 9, '2020-02-17', 1, 0),
(281, 38, 9, '2020-02-17', 1, 0),
(282, 39, 9, '2020-02-17', 1, 0),
(283, 40, 9, '2020-02-17', 1, 0),
(284, 42, 9, '2020-02-17', 1, 0),
(285, 43, 9, '2020-02-17', 1, 0),
(286, 41, 9, '2020-02-17', 0, 0),
(287, 44, 9, '2020-02-17', 1, 0),
(288, 45, 9, '2020-02-17', 1, 0),
(289, 46, 9, '2020-02-17', 1, 0),
(290, 47, 9, '2020-02-17', 1, 0),
(291, 48, 9, '2020-02-17', 1, 0),
(292, 49, 9, '2020-02-17', 1, 0),
(293, 51, 9, '2020-02-17', 1, 0),
(612, 12, 11, '2020-02-18', 1, 0),
(613, 13, 11, '2020-02-18', 1, 0),
(614, 14, 11, '2020-02-18', 1, 0),
(615, 15, 11, '2020-02-18', 1, 0),
(616, 16, 11, '2020-02-18', 1, 0),
(617, 17, 11, '2020-02-18', 1, 0),
(618, 18, 11, '2020-02-18', 1, 0),
(619, 19, 11, '2020-02-18', 1, 0),
(620, 20, 11, '2020-02-18', 1, 0),
(621, 21, 11, '2020-02-18', 1, 0),
(622, 23, 11, '2020-02-18', 1, 0),
(623, 22, 11, '2020-02-18', 1, 0),
(624, 24, 11, '2020-02-18', 1, 0),
(625, 25, 11, '2020-02-18', 1, 0),
(626, 28, 11, '2020-02-18', 1, 0),
(627, 27, 11, '2020-02-18', 1, 0),
(628, 26, 11, '2020-02-18', 0, 0),
(629, 29, 11, '2020-02-18', 1, 0),
(630, 30, 11, '2020-02-18', 1, 0),
(631, 31, 11, '2020-02-18', 1, 0),
(632, 32, 11, '2020-02-18', 1, 0),
(633, 33, 11, '2020-02-18', 1, 0),
(634, 35, 11, '2020-02-18', 1, 0),
(635, 34, 11, '2020-02-18', 1, 0),
(636, 37, 11, '2020-02-18', 1, 0),
(637, 36, 11, '2020-02-18', 1, 0),
(638, 38, 11, '2020-02-18', 1, 0),
(639, 40, 11, '2020-02-18', 1, 0),
(640, 39, 11, '2020-02-18', 1, 0),
(641, 43, 11, '2020-02-18', 1, 0),
(642, 42, 11, '2020-02-18', 1, 0),
(643, 41, 11, '2020-02-18', 1, 0),
(644, 44, 11, '2020-02-18', 1, 0),
(645, 45, 11, '2020-02-18', 1, 0),
(646, 46, 11, '2020-02-18', 1, 0),
(647, 47, 11, '2020-02-18', 1, 0),
(648, 49, 11, '2020-02-18', 1, 0),
(649, 48, 11, '2020-02-18', 1, 0),
(650, 51, 11, '2020-02-18', 1, 0),
(651, 54, 11, '2020-02-18', 1, 0),
(652, 13, 7, '2020-02-19', 1, 0),
(653, 12, 7, '2020-02-19', 1, 0),
(654, 15, 7, '2020-02-19', 1, 0),
(655, 16, 7, '2020-02-19', 1, 0),
(656, 14, 7, '2020-02-19', 1, 0),
(657, 17, 7, '2020-02-19', 1, 0),
(658, 18, 7, '2020-02-19', 1, 0),
(659, 20, 7, '2020-02-19', 1, 0),
(660, 19, 7, '2020-02-19', 1, 0),
(661, 22, 7, '2020-02-19', 1, 0),
(662, 21, 7, '2020-02-19', 1, 0),
(663, 23, 7, '2020-02-19', 1, 0),
(664, 24, 7, '2020-02-19', 1, 0),
(665, 25, 7, '2020-02-19', 1, 0),
(666, 26, 7, '2020-02-19', 1, 0),
(667, 28, 7, '2020-02-19', 1, 0),
(668, 29, 7, '2020-02-19', 1, 0),
(669, 27, 7, '2020-02-19', 1, 0),
(670, 30, 7, '2020-02-19', 1, 0),
(671, 31, 7, '2020-02-19', 1, 0),
(672, 33, 7, '2020-02-19', 1, 0),
(673, 32, 7, '2020-02-19', 1, 0),
(674, 34, 7, '2020-02-19', 1, 0),
(675, 36, 7, '2020-02-19', 1, 0),
(676, 35, 7, '2020-02-19', 1, 0),
(677, 37, 7, '2020-02-19', 1, 0),
(678, 38, 7, '2020-02-19', 1, 0),
(679, 39, 7, '2020-02-19', 1, 0),
(680, 40, 7, '2020-02-19', 1, 0),
(681, 41, 7, '2020-02-19', 1, 0),
(682, 42, 7, '2020-02-19', 1, 0),
(683, 43, 7, '2020-02-19', 1, 0),
(684, 44, 7, '2020-02-19', 1, 0),
(685, 45, 7, '2020-02-19', 1, 0),
(686, 46, 7, '2020-02-19', 1, 0),
(687, 47, 7, '2020-02-19', 1, 0),
(688, 48, 7, '2020-02-19', 1, 0),
(689, 49, 7, '2020-02-19', 1, 0),
(690, 51, 7, '2020-02-19', 1, 0),
(691, 54, 7, '2020-02-19', 0, 0),
(692, 13, 8, '2020-02-19', 1, 0),
(693, 12, 8, '2020-02-19', 1, 0),
(694, 14, 8, '2020-02-19', 1, 0),
(695, 15, 8, '2020-02-19', 1, 0),
(696, 16, 8, '2020-02-19', 1, 0),
(697, 17, 8, '2020-02-19', 1, 0),
(698, 18, 8, '2020-02-19', 1, 0),
(699, 19, 8, '2020-02-19', 1, 0),
(700, 20, 8, '2020-02-19', 1, 0),
(701, 21, 8, '2020-02-19', 1, 0),
(702, 22, 8, '2020-02-19', 1, 0),
(703, 24, 8, '2020-02-19', 1, 0),
(704, 23, 8, '2020-02-19', 1, 0),
(705, 25, 8, '2020-02-19', 1, 0),
(706, 27, 8, '2020-02-19', 1, 0),
(707, 26, 8, '2020-02-19', 1, 0),
(708, 29, 8, '2020-02-19', 1, 0),
(709, 30, 8, '2020-02-19', 1, 0),
(710, 28, 8, '2020-02-19', 1, 0),
(711, 31, 8, '2020-02-19', 1, 0),
(712, 32, 8, '2020-02-19', 1, 0),
(713, 33, 8, '2020-02-19', 1, 0),
(714, 34, 8, '2020-02-19', 1, 0),
(715, 35, 8, '2020-02-19', 1, 0),
(716, 36, 8, '2020-02-19', 1, 0),
(717, 38, 8, '2020-02-19', 1, 0),
(718, 37, 8, '2020-02-19', 1, 0),
(719, 39, 8, '2020-02-19', 1, 0),
(720, 40, 8, '2020-02-19', 1, 0),
(721, 42, 8, '2020-02-19', 1, 0),
(722, 41, 8, '2020-02-19', 1, 0),
(723, 43, 8, '2020-02-19', 1, 0),
(724, 44, 8, '2020-02-19', 1, 0),
(725, 47, 8, '2020-02-19', 1, 0),
(726, 48, 8, '2020-02-19', 1, 0),
(727, 49, 8, '2020-02-19', 1, 0),
(728, 46, 8, '2020-02-19', 1, 0),
(729, 45, 8, '2020-02-19', 1, 0),
(730, 51, 8, '2020-02-19', 1, 0),
(731, 54, 8, '2020-02-19', 0, 0),
(732, 13, 9, '2020-02-19', 1, 0),
(733, 12, 9, '2020-02-19', 1, 0),
(734, 14, 9, '2020-02-19', 1, 0),
(735, 16, 9, '2020-02-19', 1, 0),
(736, 15, 9, '2020-02-19', 1, 0),
(737, 17, 9, '2020-02-19', 1, 0),
(738, 19, 9, '2020-02-19', 1, 0),
(739, 20, 9, '2020-02-19', 1, 0),
(740, 18, 9, '2020-02-19', 1, 0),
(741, 21, 9, '2020-02-19', 1, 0),
(742, 22, 9, '2020-02-19', 1, 0),
(743, 23, 9, '2020-02-19', 1, 0),
(744, 24, 9, '2020-02-19', 1, 0),
(745, 25, 9, '2020-02-19', 1, 0),
(746, 28, 9, '2020-02-19', 1, 0),
(747, 26, 9, '2020-02-19', 1, 0),
(748, 27, 9, '2020-02-19', 1, 0),
(749, 29, 9, '2020-02-19', 1, 0),
(750, 30, 9, '2020-02-19', 1, 0),
(751, 32, 9, '2020-02-19', 1, 0),
(752, 33, 9, '2020-02-19', 1, 0),
(753, 31, 9, '2020-02-19', 1, 0),
(754, 34, 9, '2020-02-19', 1, 0),
(755, 35, 9, '2020-02-19', 1, 0),
(756, 36, 9, '2020-02-19', 1, 0),
(757, 38, 9, '2020-02-19', 1, 0),
(758, 37, 9, '2020-02-19', 1, 0),
(759, 39, 9, '2020-02-19', 1, 0),
(760, 40, 9, '2020-02-19', 1, 0),
(761, 41, 9, '2020-02-19', 1, 0),
(762, 42, 9, '2020-02-19', 1, 0),
(763, 44, 9, '2020-02-19', 1, 0),
(764, 43, 9, '2020-02-19', 1, 0),
(765, 45, 9, '2020-02-19', 1, 0),
(766, 46, 9, '2020-02-19', 1, 0),
(767, 48, 9, '2020-02-19', 1, 0),
(768, 47, 9, '2020-02-19', 1, 0),
(769, 49, 9, '2020-02-19', 1, 0),
(770, 51, 9, '2020-02-19', 1, 0),
(771, 54, 9, '2020-02-19', 0, 0),
(772, 12, 11, '2020-02-24', 1, 0),
(773, 13, 11, '2020-02-24', 1, 0),
(774, 14, 11, '2020-02-24', 1, 0),
(775, 15, 11, '2020-02-24', 1, 0),
(776, 16, 11, '2020-02-24', 1, 0),
(777, 17, 11, '2020-02-24', 1, 0),
(778, 18, 11, '2020-02-24', 1, 0),
(779, 19, 11, '2020-02-24', 1, 0),
(780, 20, 11, '2020-02-24', 1, 0),
(781, 21, 11, '2020-02-24', 1, 0),
(782, 24, 11, '2020-02-24', 1, 0),
(783, 22, 11, '2020-02-24', 1, 0),
(784, 23, 11, '2020-02-24', 1, 0),
(785, 25, 11, '2020-02-24', 1, 0),
(786, 26, 11, '2020-02-24', 1, 0),
(787, 27, 11, '2020-02-24', 1, 0),
(788, 28, 11, '2020-02-24', 1, 0),
(789, 29, 11, '2020-02-24', 1, 0),
(790, 30, 11, '2020-02-24', 1, 0),
(791, 31, 11, '2020-02-24', 1, 0),
(792, 34, 11, '2020-02-24', 1, 0),
(793, 33, 11, '2020-02-24', 1, 0),
(794, 32, 11, '2020-02-24', 1, 0),
(795, 35, 11, '2020-02-24', 1, 0),
(796, 36, 11, '2020-02-24', 1, 0),
(797, 37, 11, '2020-02-24', 1, 0),
(798, 38, 11, '2020-02-24', 1, 0),
(799, 39, 11, '2020-02-24', 1, 0),
(800, 40, 11, '2020-02-24', 1, 0),
(801, 41, 11, '2020-02-24', 1, 0),
(802, 42, 11, '2020-02-24', 1, 0),
(803, 43, 11, '2020-02-24', 1, 0),
(804, 44, 11, '2020-02-24', 1, 0),
(805, 45, 11, '2020-02-24', 1, 0),
(806, 46, 11, '2020-02-24', 0, 0),
(807, 47, 11, '2020-02-24', 1, 0),
(808, 48, 11, '2020-02-24', 1, 0),
(809, 49, 11, '2020-02-24', 1, 0),
(810, 51, 11, '2020-02-24', 1, 0),
(811, 54, 11, '2020-02-24', 1, 0),
(812, 14, 10, '2020-02-19', 1, 0),
(813, 13, 10, '2020-02-19', 1, 0),
(814, 12, 10, '2020-02-19', 0, 0),
(815, 15, 10, '2020-02-19', 1, 0),
(816, 16, 10, '2020-02-19', 1, 0),
(817, 17, 10, '2020-02-19', 1, 0),
(818, 20, 10, '2020-02-19', 1, 0),
(819, 18, 10, '2020-02-19', 1, 0),
(820, 19, 10, '2020-02-19', 1, 0),
(821, 22, 10, '2020-02-19', 1, 0),
(822, 21, 10, '2020-02-19', 1, 0),
(823, 24, 10, '2020-02-19', 1, 0),
(824, 25, 10, '2020-02-19', 1, 0),
(825, 23, 10, '2020-02-19', 1, 0),
(826, 26, 10, '2020-02-19', 1, 0),
(827, 27, 10, '2020-02-19', 1, 0),
(828, 30, 10, '2020-02-19', 1, 0),
(829, 28, 10, '2020-02-19', 1, 0),
(830, 29, 10, '2020-02-19', 1, 0),
(831, 31, 10, '2020-02-19', 1, 0),
(832, 32, 10, '2020-02-19', 1, 0),
(833, 33, 10, '2020-02-19', 1, 0),
(834, 35, 10, '2020-02-19', 1, 0),
(835, 34, 10, '2020-02-19', 1, 0),
(836, 36, 10, '2020-02-19', 1, 0),
(837, 37, 10, '2020-02-19', 1, 0),
(838, 39, 10, '2020-02-19', 1, 0),
(839, 38, 10, '2020-02-19', 1, 0),
(840, 40, 10, '2020-02-19', 1, 0),
(841, 41, 10, '2020-02-19', 1, 0),
(842, 45, 10, '2020-02-19', 1, 0),
(843, 42, 10, '2020-02-19', 1, 0),
(844, 43, 10, '2020-02-19', 1, 0),
(845, 44, 10, '2020-02-19', 1, 0),
(846, 47, 10, '2020-02-19', 1, 0),
(847, 46, 10, '2020-02-19', 1, 0),
(848, 51, 10, '2020-02-19', 1, 0),
(849, 49, 10, '2020-02-19', 1, 0),
(850, 48, 10, '2020-02-19', 1, 0),
(851, 54, 10, '2020-02-19', 1, 0),
(852, 12, 11, '2020-02-19', 1, 0),
(853, 13, 11, '2020-02-19', 1, 0),
(854, 14, 11, '2020-02-19', 1, 0),
(855, 15, 11, '2020-02-19', 1, 0),
(856, 16, 11, '2020-02-19', 1, 0),
(857, 17, 11, '2020-02-19', 1, 0),
(858, 18, 11, '2020-02-19', 1, 0),
(859, 19, 11, '2020-02-19', 1, 0),
(860, 20, 11, '2020-02-19', 1, 0),
(861, 21, 11, '2020-02-19', 1, 0),
(862, 22, 11, '2020-02-19', 1, 0),
(863, 23, 11, '2020-02-19', 1, 0),
(864, 25, 11, '2020-02-19', 1, 0),
(865, 24, 11, '2020-02-19', 1, 0),
(866, 26, 11, '2020-02-19', 1, 0),
(867, 27, 11, '2020-02-19', 1, 0),
(868, 28, 11, '2020-02-19', 1, 0),
(869, 29, 11, '2020-02-19', 1, 0),
(870, 30, 11, '2020-02-19', 1, 0),
(871, 31, 11, '2020-02-19', 1, 0),
(872, 32, 11, '2020-02-19', 1, 0),
(873, 33, 11, '2020-02-19', 1, 0),
(874, 34, 11, '2020-02-19', 1, 0),
(875, 35, 11, '2020-02-19', 1, 0),
(876, 36, 11, '2020-02-19', 1, 0),
(877, 37, 11, '2020-02-19', 1, 0),
(878, 38, 11, '2020-02-19', 1, 0),
(879, 40, 11, '2020-02-19', 1, 0),
(880, 41, 11, '2020-02-19', 1, 0),
(881, 39, 11, '2020-02-19', 1, 0),
(882, 42, 11, '2020-02-19', 1, 0),
(883, 43, 11, '2020-02-19', 1, 0),
(884, 44, 11, '2020-02-19', 1, 0),
(885, 46, 11, '2020-02-19', 1, 0),
(886, 45, 11, '2020-02-19', 1, 0),
(887, 47, 11, '2020-02-19', 1, 0),
(888, 48, 11, '2020-02-19', 1, 0),
(889, 49, 11, '2020-02-19', 1, 0),
(890, 51, 11, '2020-02-19', 1, 0),
(891, 54, 11, '2020-02-19', 0, 0),
(892, 12, 14, '2020-02-19', 1, 0),
(893, 13, 14, '2020-02-19', 1, 0),
(894, 16, 14, '2020-02-19', 1, 0),
(895, 14, 14, '2020-02-19', 1, 0),
(896, 15, 14, '2020-02-19', 1, 0),
(897, 17, 14, '2020-02-19', 1, 0),
(898, 21, 14, '2020-02-19', 1, 0),
(899, 19, 14, '2020-02-19', 1, 0),
(900, 20, 14, '2020-02-19', 1, 0),
(901, 18, 14, '2020-02-19', 1, 0),
(902, 22, 14, '2020-02-19', 1, 0),
(903, 23, 14, '2020-02-19', 1, 0),
(904, 25, 14, '2020-02-19', 1, 0),
(905, 26, 14, '2020-02-19', 1, 0),
(906, 24, 14, '2020-02-19', 1, 0),
(907, 27, 14, '2020-02-19', 1, 0),
(908, 28, 14, '2020-02-19', 1, 0),
(909, 32, 14, '2020-02-19', 1, 0),
(910, 31, 14, '2020-02-19', 1, 0),
(911, 30, 14, '2020-02-19', 1, 0),
(912, 33, 14, '2020-02-19', 1, 0),
(913, 29, 14, '2020-02-19', 1, 0),
(914, 34, 14, '2020-02-19', 1, 0),
(915, 35, 14, '2020-02-19', 1, 0),
(916, 37, 14, '2020-02-19', 1, 0),
(917, 36, 14, '2020-02-19', 1, 0),
(918, 38, 14, '2020-02-19', 1, 0),
(919, 39, 14, '2020-02-19', 1, 0),
(920, 43, 14, '2020-02-19', 1, 0),
(921, 40, 14, '2020-02-19', 1, 0),
(922, 41, 14, '2020-02-19', 1, 0),
(923, 42, 14, '2020-02-19', 1, 0),
(924, 44, 14, '2020-02-19', 1, 0),
(925, 45, 14, '2020-02-19', 1, 0),
(926, 46, 14, '2020-02-19', 1, 0),
(927, 47, 14, '2020-02-19', 1, 0),
(928, 48, 14, '2020-02-19', 1, 0),
(929, 49, 14, '2020-02-19', 1, 0),
(930, 51, 14, '2020-02-19', 1, 0),
(931, 54, 14, '2020-02-19', 0, 0),
(932, 12, 12, '2020-02-19', 1, 0),
(933, 13, 12, '2020-02-19', 1, 0),
(934, 14, 12, '2020-02-19', 1, 0),
(935, 15, 12, '2020-02-19', 1, 0),
(936, 16, 12, '2020-02-19', 1, 0),
(937, 17, 12, '2020-02-19', 1, 0),
(938, 18, 12, '2020-02-19', 1, 0),
(939, 21, 12, '2020-02-19', 1, 0),
(940, 20, 12, '2020-02-19', 1, 0),
(941, 19, 12, '2020-02-19', 1, 0),
(942, 22, 12, '2020-02-19', 1, 0),
(943, 24, 12, '2020-02-19', 1, 0),
(944, 23, 12, '2020-02-19', 1, 0),
(945, 26, 12, '2020-02-19', 1, 0),
(946, 25, 12, '2020-02-19', 1, 0),
(947, 27, 12, '2020-02-19', 1, 0),
(948, 28, 12, '2020-02-19', 1, 0),
(949, 29, 12, '2020-02-19', 1, 0),
(950, 31, 12, '2020-02-19', 1, 0),
(951, 32, 12, '2020-02-19', 1, 0),
(952, 30, 12, '2020-02-19', 1, 0),
(953, 33, 12, '2020-02-19', 1, 0),
(954, 34, 12, '2020-02-19', 1, 0),
(955, 35, 12, '2020-02-19', 1, 0),
(956, 36, 12, '2020-02-19', 1, 0),
(957, 37, 12, '2020-02-19', 1, 0),
(958, 39, 12, '2020-02-19', 1, 0),
(959, 38, 12, '2020-02-19', 1, 0),
(960, 41, 12, '2020-02-19', 1, 0),
(961, 40, 12, '2020-02-19', 1, 0),
(962, 42, 12, '2020-02-19', 1, 0),
(963, 43, 12, '2020-02-19', 1, 0),
(964, 45, 12, '2020-02-19', 1, 0),
(965, 44, 12, '2020-02-19', 1, 0),
(966, 48, 12, '2020-02-19', 1, 0),
(967, 49, 12, '2020-02-19', 1, 0),
(968, 47, 12, '2020-02-19', 1, 0),
(969, 46, 12, '2020-02-19', 1, 0),
(970, 51, 12, '2020-02-19', 1, 0),
(971, 54, 12, '2020-02-19', 0, 0),
(972, 12, 13, '2020-02-19', 1, 0),
(973, 13, 13, '2020-02-19', 1, 0),
(974, 14, 13, '2020-02-19', 1, 0),
(975, 15, 13, '2020-02-19', 1, 0),
(976, 16, 13, '2020-02-19', 1, 0),
(977, 17, 13, '2020-02-19', 1, 0),
(978, 19, 13, '2020-02-19', 1, 0),
(979, 21, 13, '2020-02-19', 1, 0),
(980, 18, 13, '2020-02-19', 1, 0),
(981, 20, 13, '2020-02-19', 1, 0),
(982, 22, 13, '2020-02-19', 1, 0),
(983, 24, 13, '2020-02-19', 1, 0),
(984, 23, 13, '2020-02-19', 1, 0),
(985, 26, 13, '2020-02-19', 1, 0),
(986, 25, 13, '2020-02-19', 1, 0),
(987, 27, 13, '2020-02-19', 1, 0),
(988, 29, 13, '2020-02-19', 1, 0),
(989, 28, 13, '2020-02-19', 1, 0),
(990, 30, 13, '2020-02-19', 1, 0),
(991, 31, 13, '2020-02-19', 1, 0),
(992, 32, 13, '2020-02-19', 1, 0),
(993, 33, 13, '2020-02-19', 1, 0),
(994, 35, 13, '2020-02-19', 1, 0),
(995, 34, 13, '2020-02-19', 1, 0),
(996, 37, 13, '2020-02-19', 1, 0),
(997, 38, 13, '2020-02-19', 1, 0),
(998, 36, 13, '2020-02-19', 1, 0),
(999, 39, 13, '2020-02-19', 1, 0),
(1000, 40, 13, '2020-02-19', 1, 0),
(1001, 43, 13, '2020-02-19', 1, 0),
(1002, 41, 13, '2020-02-19', 1, 0),
(1003, 42, 13, '2020-02-19', 1, 0),
(1004, 45, 13, '2020-02-19', 1, 0),
(1005, 44, 13, '2020-02-19', 1, 0),
(1006, 46, 13, '2020-02-19', 1, 0),
(1007, 48, 13, '2020-02-19', 1, 0),
(1008, 47, 13, '2020-02-19', 1, 0),
(1009, 49, 13, '2020-02-19', 1, 0),
(1010, 51, 13, '2020-02-19', 1, 0),
(1011, 54, 13, '2020-02-19', 0, 0),
(1012, 12, 7, '2020-02-20', 1, 0),
(1013, 14, 7, '2020-02-20', 1, 0),
(1014, 16, 7, '2020-02-20', 1, 0),
(1015, 13, 7, '2020-02-20', 1, 0),
(1016, 15, 7, '2020-02-20', 1, 0),
(1017, 17, 7, '2020-02-20', 1, 0),
(1018, 18, 7, '2020-02-20', 1, 0),
(1019, 20, 7, '2020-02-20', 1, 0),
(1020, 22, 7, '2020-02-20', 1, 0),
(1021, 21, 7, '2020-02-20', 1, 0),
(1022, 19, 7, '2020-02-20', 1, 0),
(1023, 23, 7, '2020-02-20', 1, 0),
(1024, 26, 7, '2020-02-20', 1, 0),
(1025, 25, 7, '2020-02-20', 1, 0),
(1026, 24, 7, '2020-02-20', 1, 0),
(1027, 27, 7, '2020-02-20', 1, 0),
(1028, 30, 7, '2020-02-20', 1, 0),
(1029, 29, 7, '2020-02-20', 1, 0),
(1030, 28, 7, '2020-02-20', 1, 0),
(1031, 31, 7, '2020-02-20', 1, 0),
(1032, 32, 7, '2020-02-20', 1, 0),
(1033, 33, 7, '2020-02-20', 1, 0),
(1034, 34, 7, '2020-02-20', 1, 0),
(1035, 35, 7, '2020-02-20', 1, 0),
(1036, 36, 7, '2020-02-20', 1, 0),
(1037, 38, 7, '2020-02-20', 1, 0),
(1038, 39, 7, '2020-02-20', 1, 0),
(1039, 37, 7, '2020-02-20', 1, 0),
(1040, 40, 7, '2020-02-20', 1, 0),
(1041, 41, 7, '2020-02-20', 1, 0),
(1042, 42, 7, '2020-02-20', 1, 0),
(1043, 43, 7, '2020-02-20', 1, 0),
(1044, 44, 7, '2020-02-20', 1, 0),
(1045, 45, 7, '2020-02-20', 1, 0),
(1046, 46, 7, '2020-02-20', 1, 0),
(1047, 47, 7, '2020-02-20', 1, 0),
(1048, 48, 7, '2020-02-20', 0, 0),
(1049, 49, 7, '2020-02-20', 1, 0),
(1050, 51, 7, '2020-02-20', 1, 0),
(1051, 54, 7, '2020-02-20', 1, 0),
(1052, 12, 8, '2020-02-20', 1, 0),
(1053, 13, 8, '2020-02-20', 1, 0),
(1054, 15, 8, '2020-02-20', 1, 0),
(1055, 16, 8, '2020-02-20', 1, 0),
(1056, 14, 8, '2020-02-20', 1, 0),
(1057, 17, 8, '2020-02-20', 1, 0),
(1058, 18, 8, '2020-02-20', 1, 0),
(1059, 20, 8, '2020-02-20', 1, 0),
(1060, 19, 8, '2020-02-20', 1, 0),
(1061, 22, 8, '2020-02-20', 1, 0),
(1062, 21, 8, '2020-02-20', 1, 0),
(1063, 23, 8, '2020-02-20', 1, 0),
(1064, 24, 8, '2020-02-20', 1, 0),
(1065, 26, 8, '2020-02-20', 1, 0),
(1066, 25, 8, '2020-02-20', 1, 0),
(1067, 28, 8, '2020-02-20', 1, 0),
(1068, 27, 8, '2020-02-20', 1, 0),
(1069, 29, 8, '2020-02-20', 1, 0),
(1070, 31, 8, '2020-02-20', 1, 0),
(1071, 30, 8, '2020-02-20', 1, 0),
(1072, 32, 8, '2020-02-20', 1, 0),
(1073, 33, 8, '2020-02-20', 1, 0),
(1074, 34, 8, '2020-02-20', 1, 0),
(1075, 35, 8, '2020-02-20', 1, 0),
(1076, 36, 8, '2020-02-20', 1, 0),
(1077, 37, 8, '2020-02-20', 0, 0),
(1078, 39, 8, '2020-02-20', 1, 0),
(1079, 38, 8, '2020-02-20', 1, 0),
(1080, 40, 8, '2020-02-20', 1, 0),
(1081, 41, 8, '2020-02-20', 1, 0),
(1082, 42, 8, '2020-02-20', 1, 0),
(1083, 43, 8, '2020-02-20', 1, 0),
(1084, 45, 8, '2020-02-20', 1, 0),
(1085, 46, 8, '2020-02-20', 1, 0),
(1086, 44, 8, '2020-02-20', 1, 0),
(1087, 47, 8, '2020-02-20', 1, 0),
(1088, 48, 8, '2020-02-20', 1, 0),
(1089, 49, 8, '2020-02-20', 1, 0),
(1090, 51, 8, '2020-02-20', 1, 0),
(1091, 54, 8, '2020-02-20', 1, 0),
(1092, 12, 10, '2020-02-20', 1, 0),
(1093, 13, 10, '2020-02-20', 1, 0),
(1094, 14, 10, '2020-02-20', 1, 0),
(1095, 15, 10, '2020-02-20', 1, 0),
(1096, 16, 10, '2020-02-20', 1, 0),
(1097, 17, 10, '2020-02-20', 1, 0),
(1098, 18, 10, '2020-02-20', 1, 0),
(1099, 20, 10, '2020-02-20', 1, 0),
(1100, 19, 10, '2020-02-20', 1, 0),
(1101, 21, 10, '2020-02-20', 1, 0),
(1102, 22, 10, '2020-02-20', 1, 0),
(1103, 23, 10, '2020-02-20', 1, 0),
(1104, 25, 10, '2020-02-20', 1, 0),
(1105, 26, 10, '2020-02-20', 1, 0),
(1106, 24, 10, '2020-02-20', 1, 0),
(1107, 27, 10, '2020-02-20', 1, 0),
(1108, 28, 10, '2020-02-20', 1, 0),
(1109, 30, 10, '2020-02-20', 1, 0),
(1110, 29, 10, '2020-02-20', 1, 0),
(1111, 31, 10, '2020-02-20', 1, 0),
(1112, 32, 10, '2020-02-20', 1, 0),
(1113, 34, 10, '2020-02-20', 1, 0),
(1114, 33, 10, '2020-02-20', 1, 0),
(1115, 36, 10, '2020-02-20', 1, 0),
(1116, 35, 10, '2020-02-20', 1, 0),
(1117, 37, 10, '2020-02-20', 0, 0),
(1118, 38, 10, '2020-02-20', 1, 0),
(1119, 39, 10, '2020-02-20', 1, 0),
(1120, 40, 10, '2020-02-20', 1, 0),
(1121, 41, 10, '2020-02-20', 1, 0),
(1122, 42, 10, '2020-02-20', 1, 0),
(1123, 43, 10, '2020-02-20', 1, 0),
(1124, 44, 10, '2020-02-20', 1, 0),
(1125, 45, 10, '2020-02-20', 1, 0),
(1126, 46, 10, '2020-02-20', 1, 0),
(1127, 47, 10, '2020-02-20', 1, 0),
(1128, 48, 10, '2020-02-20', 1, 0),
(1129, 49, 10, '2020-02-20', 1, 0),
(1130, 51, 10, '2020-02-20', 1, 0),
(1131, 54, 10, '2020-02-20', 1, 0),
(1132, 12, 11, '2020-02-20', 1, 0),
(1133, 13, 11, '2020-02-20', 1, 0),
(1134, 14, 11, '2020-02-20', 1, 0),
(1135, 15, 11, '2020-02-20', 1, 0),
(1136, 16, 11, '2020-02-20', 1, 0),
(1137, 17, 11, '2020-02-20', 1, 0),
(1138, 18, 11, '2020-02-20', 1, 0),
(1139, 19, 11, '2020-02-20', 0, 0),
(1140, 20, 11, '2020-02-20', 1, 0),
(1141, 22, 11, '2020-02-20', 1, 0),
(1142, 21, 11, '2020-02-20', 1, 0),
(1143, 23, 11, '2020-02-20', 1, 0),
(1144, 24, 11, '2020-02-20', 1, 0),
(1145, 28, 11, '2020-02-20', 1, 0),
(1146, 25, 11, '2020-02-20', 1, 0),
(1147, 26, 11, '2020-02-20', 1, 0),
(1148, 27, 11, '2020-02-20', 1, 0),
(1149, 29, 11, '2020-02-20', 1, 0),
(1150, 33, 11, '2020-02-20', 1, 0),
(1151, 31, 11, '2020-02-20', 1, 0),
(1152, 30, 11, '2020-02-20', 1, 0),
(1153, 32, 11, '2020-02-20', 1, 0),
(1154, 34, 11, '2020-02-20', 1, 0),
(1155, 35, 11, '2020-02-20', 1, 0),
(1156, 36, 11, '2020-02-20', 1, 0),
(1157, 38, 11, '2020-02-20', 1, 0),
(1158, 39, 11, '2020-02-20', 1, 0),
(1159, 37, 11, '2020-02-20', 1, 0),
(1160, 40, 11, '2020-02-20', 1, 0),
(1161, 41, 11, '2020-02-20', 1, 0),
(1162, 46, 11, '2020-02-20', 1, 0),
(1163, 44, 11, '2020-02-20', 1, 0),
(1164, 42, 11, '2020-02-20', 1, 0),
(1165, 43, 11, '2020-02-20', 1, 0),
(1166, 45, 11, '2020-02-20', 1, 0),
(1167, 47, 11, '2020-02-20', 1, 0),
(1168, 49, 11, '2020-02-20', 1, 0),
(1169, 48, 11, '2020-02-20', 1, 0),
(1170, 51, 11, '2020-02-20', 1, 0),
(1171, 54, 11, '2020-02-20', 1, 0),
(1172, 12, 14, '2020-02-20', 1, 0),
(1173, 13, 14, '2020-02-20', 1, 0),
(1174, 15, 14, '2020-02-20', 1, 0),
(1175, 14, 14, '2020-02-20', 1, 0),
(1176, 16, 14, '2020-02-20', 1, 0),
(1177, 17, 14, '2020-02-20', 1, 0),
(1178, 18, 14, '2020-02-20', 1, 0),
(1179, 20, 14, '2020-02-20', 1, 0),
(1180, 19, 14, '2020-02-20', 1, 0),
(1181, 23, 14, '2020-02-20', 1, 0),
(1182, 21, 14, '2020-02-20', 1, 0),
(1183, 22, 14, '2020-02-20', 1, 0),
(1184, 24, 14, '2020-02-20', 1, 0),
(1185, 25, 14, '2020-02-20', 1, 0),
(1186, 26, 14, '2020-02-20', 1, 0),
(1187, 30, 14, '2020-02-20', 1, 0),
(1188, 28, 14, '2020-02-20', 1, 0),
(1189, 27, 14, '2020-02-20', 1, 0),
(1190, 29, 14, '2020-02-20', 1, 0),
(1191, 31, 14, '2020-02-20', 1, 0),
(1192, 32, 14, '2020-02-20', 1, 0),
(1193, 35, 14, '2020-02-20', 1, 0),
(1194, 33, 14, '2020-02-20', 1, 0),
(1195, 34, 14, '2020-02-20', 1, 0),
(1196, 36, 14, '2020-02-20', 1, 0),
(1197, 37, 14, '2020-02-20', 1, 0),
(1198, 38, 14, '2020-02-20', 1, 0),
(1199, 39, 14, '2020-02-20', 1, 0),
(1200, 40, 14, '2020-02-20', 1, 0),
(1201, 41, 14, '2020-02-20', 1, 0),
(1202, 42, 14, '2020-02-20', 1, 0),
(1203, 43, 14, '2020-02-20', 1, 0),
(1204, 44, 14, '2020-02-20', 1, 0),
(1205, 45, 14, '2020-02-20', 1, 0),
(1206, 46, 14, '2020-02-20', 1, 0),
(1207, 49, 14, '2020-02-20', 1, 0),
(1208, 48, 14, '2020-02-20', 1, 0),
(1209, 51, 14, '2020-02-20', 1, 0),
(1210, 47, 14, '2020-02-20', 1, 0),
(1211, 54, 14, '2020-02-20', 1, 0),
(1212, 12, 12, '2020-02-20', 1, 0),
(1213, 13, 12, '2020-02-20', 1, 0),
(1214, 14, 12, '2020-02-20', 1, 0),
(1215, 15, 12, '2020-02-20', 1, 0),
(1216, 16, 12, '2020-02-20', 1, 0),
(1217, 17, 12, '2020-02-20', 1, 0),
(1218, 18, 12, '2020-02-20', 1, 0),
(1219, 19, 12, '2020-02-20', 1, 0),
(1220, 22, 12, '2020-02-20', 1, 0),
(1221, 23, 12, '2020-02-20', 1, 0),
(1222, 21, 12, '2020-02-20', 1, 0),
(1223, 20, 12, '2020-02-20', 1, 0),
(1224, 24, 12, '2020-02-20', 1, 0),
(1225, 26, 12, '2020-02-20', 1, 0),
(1226, 29, 12, '2020-02-20', 1, 0),
(1227, 27, 12, '2020-02-20', 1, 0),
(1228, 25, 12, '2020-02-20', 1, 0),
(1229, 28, 12, '2020-02-20', 1, 0),
(1230, 30, 12, '2020-02-20', 1, 0),
(1231, 31, 12, '2020-02-20', 1, 0),
(1232, 32, 12, '2020-02-20', 1, 0),
(1233, 33, 12, '2020-02-20', 1, 0),
(1234, 36, 12, '2020-02-20', 1, 0),
(1235, 35, 12, '2020-02-20', 1, 0),
(1236, 34, 12, '2020-02-20', 1, 0),
(1237, 37, 12, '2020-02-20', 1, 0),
(1238, 39, 12, '2020-02-20', 1, 0),
(1239, 42, 12, '2020-02-20', 1, 0),
(1240, 38, 12, '2020-02-20', 1, 0),
(1241, 40, 12, '2020-02-20', 1, 0),
(1242, 41, 12, '2020-02-20', 1, 0),
(1243, 43, 12, '2020-02-20', 1, 0),
(1244, 44, 12, '2020-02-20', 1, 0),
(1245, 45, 12, '2020-02-20', 1, 0),
(1246, 46, 12, '2020-02-20', 1, 0),
(1247, 48, 12, '2020-02-20', 1, 0),
(1248, 47, 12, '2020-02-20', 1, 0),
(1249, 49, 12, '2020-02-20', 1, 0),
(1250, 54, 12, '2020-02-20', 1, 0),
(1251, 51, 12, '2020-02-20', 1, 0),
(1252, 12, 13, '2020-02-20', 1, 0),
(1253, 13, 13, '2020-02-20', 1, 0),
(1254, 14, 13, '2020-02-20', 1, 0),
(1255, 15, 13, '2020-02-20', 1, 0),
(1256, 16, 13, '2020-02-20', 1, 0),
(1257, 17, 13, '2020-02-20', 1, 0),
(1258, 18, 13, '2020-02-20', 1, 0),
(1259, 19, 13, '2020-02-20', 1, 0),
(1260, 22, 13, '2020-02-20', 1, 0),
(1261, 21, 13, '2020-02-20', 1, 0),
(1262, 20, 13, '2020-02-20', 1, 0),
(1263, 25, 13, '2020-02-20', 1, 0),
(1264, 23, 13, '2020-02-20', 1, 0),
(1265, 24, 13, '2020-02-20', 1, 0),
(1266, 26, 13, '2020-02-20', 1, 0),
(1267, 27, 13, '2020-02-20', 1, 0),
(1268, 28, 13, '2020-02-20', 1, 0),
(1269, 31, 13, '2020-02-20', 1, 0),
(1270, 29, 13, '2020-02-20', 1, 0),
(1271, 30, 13, '2020-02-20', 1, 0),
(1272, 32, 13, '2020-02-20', 1, 0),
(1273, 33, 13, '2020-02-20', 1, 0),
(1274, 34, 13, '2020-02-20', 1, 0),
(1275, 35, 13, '2020-02-20', 1, 0),
(1276, 39, 13, '2020-02-20', 1, 0),
(1277, 38, 13, '2020-02-20', 1, 0),
(1278, 40, 13, '2020-02-20', 1, 0),
(1279, 37, 13, '2020-02-20', 1, 0),
(1280, 36, 13, '2020-02-20', 1, 0),
(1281, 41, 13, '2020-02-20', 1, 0),
(1282, 43, 13, '2020-02-20', 1, 0),
(1283, 42, 13, '2020-02-20', 1, 0),
(1284, 46, 13, '2020-02-20', 1, 0),
(1285, 45, 13, '2020-02-20', 1, 0),
(1286, 44, 13, '2020-02-20', 1, 0),
(1287, 47, 13, '2020-02-20', 1, 0),
(1288, 48, 13, '2020-02-20', 1, 0),
(1289, 51, 13, '2020-02-20', 1, 0),
(1290, 54, 13, '2020-02-20', 1, 0),
(1291, 49, 13, '2020-02-20', 1, 0),
(1292, 13, 7, '2020-02-21', 1, 0),
(1293, 14, 7, '2020-02-21', 1, 0),
(1294, 12, 7, '2020-02-21', 1, 0),
(1295, 15, 7, '2020-02-21', 1, 0),
(1296, 16, 7, '2020-02-21', 1, 0),
(1297, 17, 7, '2020-02-21', 1, 0),
(1298, 18, 7, '2020-02-21', 1, 0),
(1299, 19, 7, '2020-02-21', 1, 0),
(1300, 21, 7, '2020-02-21', 1, 0),
(1301, 20, 7, '2020-02-21', 1, 0),
(1302, 22, 7, '2020-02-21', 1, 0),
(1303, 24, 7, '2020-02-21', 1, 0),
(1304, 23, 7, '2020-02-21', 1, 0),
(1305, 25, 7, '2020-02-21', 1, 0),
(1306, 26, 7, '2020-02-21', 0, 0),
(1307, 27, 7, '2020-02-21', 1, 0),
(1308, 28, 7, '2020-02-21', 1, 0),
(1309, 29, 7, '2020-02-21', 1, 0),
(1310, 30, 7, '2020-02-21', 1, 0),
(1311, 31, 7, '2020-02-21', 1, 0),
(1312, 32, 7, '2020-02-21', 1, 0),
(1313, 33, 7, '2020-02-21', 1, 0),
(1314, 34, 7, '2020-02-21', 1, 0),
(1315, 35, 7, '2020-02-21', 1, 0),
(1316, 36, 7, '2020-02-21', 1, 0),
(1317, 37, 7, '2020-02-21', 1, 0),
(1318, 38, 7, '2020-02-21', 1, 0),
(1319, 39, 7, '2020-02-21', 1, 0),
(1320, 40, 7, '2020-02-21', 1, 0),
(1321, 41, 7, '2020-02-21', 1, 0),
(1322, 42, 7, '2020-02-21', 1, 0),
(1323, 43, 7, '2020-02-21', 1, 0),
(1324, 44, 7, '2020-02-21', 1, 0),
(1325, 45, 7, '2020-02-21', 1, 0),
(1326, 46, 7, '2020-02-21', 1, 0),
(1327, 47, 7, '2020-02-21', 1, 0),
(1328, 48, 7, '2020-02-21', 1, 0),
(1329, 49, 7, '2020-02-21', 1, 0),
(1330, 51, 7, '2020-02-21', 1, 0),
(1331, 54, 7, '2020-02-21', 1, 0),
(1332, 12, 8, '2020-02-21', 1, 0),
(1333, 14, 8, '2020-02-21', 1, 0),
(1334, 13, 8, '2020-02-21', 1, 0),
(1335, 17, 8, '2020-02-21', 1, 0),
(1336, 15, 8, '2020-02-21', 1, 0),
(1337, 16, 8, '2020-02-21', 1, 0),
(1338, 18, 8, '2020-02-21', 1, 0),
(1339, 20, 8, '2020-02-21', 1, 0),
(1340, 22, 8, '2020-02-21', 1, 0),
(1341, 21, 8, '2020-02-21', 1, 0),
(1342, 23, 8, '2020-02-21', 1, 0),
(1343, 19, 8, '2020-02-21', 1, 0),
(1344, 24, 8, '2020-02-21', 1, 0),
(1345, 25, 8, '2020-02-21', 1, 0),
(1346, 27, 8, '2020-02-21', 1, 0),
(1347, 29, 8, '2020-02-21', 1, 0),
(1348, 28, 8, '2020-02-21', 1, 0),
(1349, 26, 8, '2020-02-21', 1, 0),
(1350, 31, 8, '2020-02-21', 1, 0),
(1351, 30, 8, '2020-02-21', 1, 0),
(1352, 33, 8, '2020-02-21', 1, 0),
(1353, 34, 8, '2020-02-21', 1, 0),
(1354, 35, 8, '2020-02-21', 1, 0),
(1355, 32, 8, '2020-02-21', 1, 0),
(1356, 36, 8, '2020-02-21', 1, 0),
(1357, 38, 8, '2020-02-21', 1, 0),
(1358, 37, 8, '2020-02-21', 1, 0),
(1359, 39, 8, '2020-02-21', 1, 0),
(1360, 41, 8, '2020-02-21', 1, 0),
(1361, 40, 8, '2020-02-21', 1, 0),
(1362, 42, 8, '2020-02-21', 1, 0),
(1363, 43, 8, '2020-02-21', 1, 0),
(1364, 46, 8, '2020-02-21', 1, 0),
(1365, 44, 8, '2020-02-21', 1, 0),
(1366, 45, 8, '2020-02-21', 1, 0),
(1367, 47, 8, '2020-02-21', 1, 0),
(1368, 49, 8, '2020-02-21', 1, 0),
(1369, 48, 8, '2020-02-21', 1, 0),
(1370, 51, 8, '2020-02-21', 1, 0),
(1371, 54, 8, '2020-02-21', 1, 0),
(1372, 12, 9, '2020-02-21', 1, 0),
(1373, 13, 9, '2020-02-21', 1, 0),
(1374, 14, 9, '2020-02-21', 1, 0),
(1375, 15, 9, '2020-02-21', 1, 0),
(1376, 16, 9, '2020-02-21', 1, 0),
(1377, 17, 9, '2020-02-21', 1, 0),
(1378, 18, 9, '2020-02-21', 1, 0),
(1379, 20, 9, '2020-02-21', 1, 0),
(1380, 21, 9, '2020-02-21', 1, 0),
(1381, 23, 9, '2020-02-21', 1, 0),
(1382, 19, 9, '2020-02-21', 1, 0),
(1383, 22, 9, '2020-02-21', 1, 0),
(1384, 24, 9, '2020-02-21', 1, 0),
(1385, 26, 9, '2020-02-21', 1, 0),
(1386, 27, 9, '2020-02-21', 1, 0),
(1387, 25, 9, '2020-02-21', 1, 0),
(1388, 28, 9, '2020-02-21', 1, 0),
(1389, 29, 9, '2020-02-21', 1, 0),
(1390, 30, 9, '2020-02-21', 1, 0),
(1391, 32, 9, '2020-02-21', 1, 0),
(1392, 35, 9, '2020-02-21', 1, 0),
(1393, 33, 9, '2020-02-21', 1, 0),
(1394, 34, 9, '2020-02-21', 1, 0),
(1395, 31, 9, '2020-02-21', 1, 0),
(1396, 36, 9, '2020-02-21', 1, 0),
(1397, 38, 9, '2020-02-21', 1, 0),
(1398, 41, 9, '2020-02-21', 1, 0),
(1399, 37, 9, '2020-02-21', 1, 0),
(1400, 40, 9, '2020-02-21', 1, 0),
(1401, 39, 9, '2020-02-21', 1, 0),
(1402, 42, 9, '2020-02-21', 1, 0),
(1403, 45, 9, '2020-02-21', 1, 0),
(1404, 43, 9, '2020-02-21', 1, 0),
(1405, 44, 9, '2020-02-21', 1, 0),
(1406, 46, 9, '2020-02-21', 1, 0),
(1407, 47, 9, '2020-02-21', 1, 0),
(1408, 48, 9, '2020-02-21', 1, 0),
(1409, 51, 9, '2020-02-21', 1, 0),
(1410, 49, 9, '2020-02-21', 1, 0),
(1411, 54, 9, '2020-02-21', 1, 0),
(1412, 12, 10, '2020-02-21', 1, 0),
(1413, 13, 10, '2020-02-21', 1, 0),
(1414, 15, 10, '2020-02-21', 1, 0),
(1415, 14, 10, '2020-02-21', 1, 0),
(1416, 16, 10, '2020-02-21', 1, 0),
(1417, 17, 10, '2020-02-21', 1, 0),
(1418, 18, 10, '2020-02-21', 1, 0),
(1419, 21, 10, '2020-02-21', 1, 0),
(1420, 22, 10, '2020-02-21', 1, 0),
(1421, 20, 10, '2020-02-21', 1, 0),
(1422, 23, 10, '2020-02-21', 1, 0),
(1423, 19, 10, '2020-02-21', 1, 0),
(1424, 24, 10, '2020-02-21', 1, 0),
(1425, 28, 10, '2020-02-21', 1, 0),
(1426, 25, 10, '2020-02-21', 1, 0),
(1427, 26, 10, '2020-02-21', 1, 0),
(1428, 27, 10, '2020-02-21', 1, 0),
(1429, 29, 10, '2020-02-21', 1, 0),
(1430, 30, 10, '2020-02-21', 1, 0),
(1431, 31, 10, '2020-02-21', 1, 0),
(1432, 32, 10, '2020-02-21', 1, 0),
(1433, 33, 10, '2020-02-21', 1, 0),
(1434, 35, 10, '2020-02-21', 1, 0),
(1435, 36, 10, '2020-02-21', 1, 0),
(1436, 34, 10, '2020-02-21', 1, 0),
(1437, 37, 10, '2020-02-21', 1, 0),
(1438, 38, 10, '2020-02-21', 1, 0),
(1439, 40, 10, '2020-02-21', 1, 0),
(1440, 39, 10, '2020-02-21', 1, 0),
(1441, 41, 10, '2020-02-21', 1, 0),
(1442, 42, 10, '2020-02-21', 1, 0),
(1443, 43, 10, '2020-02-21', 1, 0),
(1444, 44, 10, '2020-02-21', 1, 0),
(1445, 45, 10, '2020-02-21', 1, 0),
(1446, 46, 10, '2020-02-21', 1, 0),
(1447, 47, 10, '2020-02-21', 1, 0),
(1448, 48, 10, '2020-02-21', 1, 0),
(1449, 49, 10, '2020-02-21', 1, 0),
(1450, 54, 10, '2020-02-21', 1, 0),
(1451, 51, 10, '2020-02-21', 1, 0),
(1452, 12, 11, '2020-02-21', 1, 0),
(1453, 13, 11, '2020-02-21', 1, 0),
(1454, 14, 11, '2020-02-21', 1, 0),
(1455, 15, 11, '2020-02-21', 1, 0),
(1456, 16, 11, '2020-02-21', 1, 0),
(1457, 17, 11, '2020-02-21', 1, 0),
(1458, 18, 11, '2020-02-21', 1, 0),
(1459, 20, 11, '2020-02-21', 1, 0),
(1460, 19, 11, '2020-02-21', 1, 0),
(1461, 22, 11, '2020-02-21', 1, 0),
(1462, 23, 11, '2020-02-21', 1, 0),
(1463, 21, 11, '2020-02-21', 1, 0),
(1464, 24, 11, '2020-02-21', 1, 0),
(1465, 28, 11, '2020-02-21', 1, 0),
(1466, 27, 11, '2020-02-21', 1, 0),
(1467, 26, 11, '2020-02-21', 1, 0),
(1468, 25, 11, '2020-02-21', 1, 0),
(1469, 29, 11, '2020-02-21', 1, 0),
(1470, 30, 11, '2020-02-21', 1, 0),
(1471, 31, 11, '2020-02-21', 1, 0),
(1472, 36, 11, '2020-02-21', 1, 0),
(1473, 35, 11, '2020-02-21', 1, 0),
(1474, 34, 11, '2020-02-21', 1, 0),
(1475, 33, 11, '2020-02-21', 1, 0),
(1476, 32, 11, '2020-02-21', 1, 0),
(1477, 37, 11, '2020-02-21', 1, 0),
(1478, 38, 11, '2020-02-21', 1, 0),
(1479, 39, 11, '2020-02-21', 1, 0),
(1480, 40, 11, '2020-02-21', 1, 0),
(1481, 41, 11, '2020-02-21', 1, 0),
(1482, 42, 11, '2020-02-21', 1, 0),
(1483, 43, 11, '2020-02-21', 1, 0),
(1484, 44, 11, '2020-02-21', 1, 0),
(1485, 45, 11, '2020-02-21', 1, 0),
(1486, 46, 11, '2020-02-21', 1, 0),
(1487, 47, 11, '2020-02-21', 1, 0),
(1488, 48, 11, '2020-02-21', 1, 0),
(1489, 51, 11, '2020-02-21', 1, 0),
(1490, 54, 11, '2020-02-21', 1, 0),
(1491, 49, 11, '2020-02-21', 1, 0),
(1492, 12, 14, '2020-02-21', 1, 0),
(1493, 13, 14, '2020-02-21', 1, 0),
(1494, 16, 14, '2020-02-21', 1, 0),
(1495, 15, 14, '2020-02-21', 1, 0),
(1496, 17, 14, '2020-02-21', 1, 0),
(1497, 14, 14, '2020-02-21', 1, 0),
(1498, 18, 14, '2020-02-21', 1, 0),
(1499, 20, 14, '2020-02-21', 1, 0),
(1500, 19, 14, '2020-02-21', 1, 0),
(1501, 23, 14, '2020-02-21', 1, 0),
(1502, 21, 14, '2020-02-21', 1, 0),
(1503, 22, 14, '2020-02-21', 1, 0),
(1504, 24, 14, '2020-02-21', 1, 0),
(1505, 27, 14, '2020-02-21', 1, 0),
(1506, 25, 14, '2020-02-21', 1, 0),
(1507, 26, 14, '2020-02-21', 1, 0),
(1508, 28, 14, '2020-02-21', 1, 0),
(1509, 29, 14, '2020-02-21', 1, 0),
(1510, 30, 14, '2020-02-21', 1, 0),
(1511, 32, 14, '2020-02-21', 1, 0),
(1512, 34, 14, '2020-02-21', 1, 0),
(1513, 31, 14, '2020-02-21', 1, 0),
(1514, 33, 14, '2020-02-21', 1, 0),
(1515, 35, 14, '2020-02-21', 1, 0),
(1516, 36, 14, '2020-02-21', 1, 0),
(1517, 38, 14, '2020-02-21', 1, 0),
(1518, 39, 14, '2020-02-21', 1, 0),
(1519, 40, 14, '2020-02-21', 1, 0),
(1520, 41, 14, '2020-02-21', 1, 0),
(1521, 37, 14, '2020-02-21', 1, 0),
(1522, 42, 14, '2020-02-21', 1, 0),
(1523, 44, 14, '2020-02-21', 1, 0),
(1524, 45, 14, '2020-02-21', 1, 0),
(1525, 46, 14, '2020-02-21', 1, 0),
(1526, 47, 14, '2020-02-21', 1, 0),
(1527, 43, 14, '2020-02-21', 1, 0),
(1528, 48, 14, '2020-02-21', 1, 0),
(1529, 49, 14, '2020-02-21', 1, 0),
(1530, 51, 14, '2020-02-21', 1, 0),
(1531, 54, 14, '2020-02-21', 1, 0),
(1532, 12, 12, '2020-02-21', 1, 0),
(1533, 14, 12, '2020-02-21', 1, 0),
(1534, 13, 12, '2020-02-21', 1, 0),
(1535, 15, 12, '2020-02-21', 1, 0),
(1536, 16, 12, '2020-02-21', 1, 0),
(1537, 17, 12, '2020-02-21', 1, 0),
(1538, 18, 12, '2020-02-21', 1, 0),
(1539, 19, 12, '2020-02-21', 1, 0),
(1540, 22, 12, '2020-02-21', 1, 0),
(1541, 23, 12, '2020-02-21', 1, 0),
(1542, 20, 12, '2020-02-21', 1, 0),
(1543, 21, 12, '2020-02-21', 1, 0),
(1544, 24, 12, '2020-02-21', 1, 0),
(1545, 29, 12, '2020-02-21', 1, 0),
(1546, 28, 12, '2020-02-21', 1, 0),
(1547, 27, 12, '2020-02-21', 1, 0),
(1548, 26, 12, '2020-02-21', 1, 0),
(1549, 25, 12, '2020-02-21', 1, 0),
(1550, 30, 12, '2020-02-21', 1, 0),
(1551, 33, 12, '2020-02-21', 1, 0),
(1552, 31, 12, '2020-02-21', 1, 0),
(1553, 32, 12, '2020-02-21', 1, 0),
(1554, 34, 12, '2020-02-21', 1, 0),
(1555, 35, 12, '2020-02-21', 1, 0),
(1556, 36, 12, '2020-02-21', 1, 0),
(1557, 37, 12, '2020-02-21', 1, 0),
(1558, 38, 12, '2020-02-21', 1, 0),
(1559, 40, 12, '2020-02-21', 1, 0),
(1560, 39, 12, '2020-02-21', 1, 0),
(1561, 41, 12, '2020-02-21', 1, 0),
(1562, 42, 12, '2020-02-21', 1, 0),
(1563, 43, 12, '2020-02-21', 1, 0),
(1564, 45, 12, '2020-02-21', 1, 0),
(1565, 44, 12, '2020-02-21', 1, 0),
(1566, 46, 12, '2020-02-21', 1, 0),
(1567, 48, 12, '2020-02-21', 1, 0),
(1568, 47, 12, '2020-02-21', 1, 0),
(1569, 49, 12, '2020-02-21', 1, 0),
(1570, 51, 12, '2020-02-21', 1, 0),
(1571, 54, 12, '2020-02-21', 1, 0),
(1572, 12, 13, '2020-02-21', 1, 0),
(1573, 13, 13, '2020-02-21', 1, 0),
(1574, 14, 13, '2020-02-21', 1, 0),
(1575, 15, 13, '2020-02-21', 1, 0),
(1576, 16, 13, '2020-02-21', 1, 0),
(1577, 17, 13, '2020-02-21', 1, 0),
(1578, 18, 13, '2020-02-21', 1, 0),
(1579, 19, 13, '2020-02-21', 1, 0),
(1580, 20, 13, '2020-02-21', 1, 0),
(1581, 21, 13, '2020-02-21', 1, 0),
(1582, 22, 13, '2020-02-21', 1, 0),
(1583, 24, 13, '2020-02-21', 1, 0),
(1584, 23, 13, '2020-02-21', 1, 0),
(1585, 25, 13, '2020-02-21', 1, 0),
(1586, 26, 13, '2020-02-21', 1, 0),
(1587, 27, 13, '2020-02-21', 1, 0),
(1588, 28, 13, '2020-02-21', 1, 0),
(1589, 29, 13, '2020-02-21', 1, 0),
(1590, 30, 13, '2020-02-21', 1, 0),
(1591, 31, 13, '2020-02-21', 1, 0),
(1592, 32, 13, '2020-02-21', 1, 0),
(1593, 33, 13, '2020-02-21', 1, 0),
(1594, 36, 13, '2020-02-21', 1, 0),
(1595, 38, 13, '2020-02-21', 1, 0),
(1596, 34, 13, '2020-02-21', 1, 0),
(1597, 35, 13, '2020-02-21', 1, 0),
(1598, 37, 13, '2020-02-21', 1, 0),
(1599, 39, 13, '2020-02-21', 1, 0),
(1600, 41, 13, '2020-02-21', 1, 0),
(1601, 40, 13, '2020-02-21', 1, 0),
(1602, 44, 13, '2020-02-21', 1, 0),
(1603, 42, 13, '2020-02-21', 1, 0),
(1604, 43, 13, '2020-02-21', 1, 0),
(1605, 45, 13, '2020-02-21', 1, 0),
(1606, 47, 13, '2020-02-21', 1, 0),
(1607, 46, 13, '2020-02-21', 1, 0),
(1608, 48, 13, '2020-02-21', 1, 0),
(1609, 49, 13, '2020-02-21', 1, 0),
(1610, 51, 13, '2020-02-21', 1, 0),
(1611, 54, 13, '2020-02-21', 1, 0),
(1612, 12, 13, '2020-02-20', 1, 0),
(1613, 13, 13, '2020-02-20', 1, 0),
(1614, 14, 13, '2020-02-20', 1, 0),
(1615, 15, 13, '2020-02-20', 1, 0),
(1616, 16, 13, '2020-02-20', 1, 0),
(1617, 17, 13, '2020-02-20', 1, 0),
(1618, 18, 13, '2020-02-20', 1, 0),
(1619, 20, 13, '2020-02-20', 1, 0),
(1620, 23, 13, '2020-02-20', 1, 0),
(1621, 21, 13, '2020-02-20', 1, 0),
(1622, 19, 13, '2020-02-20', 1, 0),
(1623, 22, 13, '2020-02-20', 1, 0),
(1624, 24, 13, '2020-02-20', 1, 0),
(1625, 27, 13, '2020-02-20', 1, 0),
(1626, 28, 13, '2020-02-20', 1, 0),
(1627, 26, 13, '2020-02-20', 1, 0),
(1628, 29, 13, '2020-02-20', 1, 0),
(1629, 25, 13, '2020-02-20', 1, 0),
(1630, 30, 13, '2020-02-20', 1, 0),
(1631, 31, 13, '2020-02-20', 1, 0),
(1632, 32, 13, '2020-02-20', 1, 0),
(1633, 33, 13, '2020-02-20', 1, 0),
(1634, 34, 13, '2020-02-20', 1, 0),
(1635, 35, 13, '2020-02-20', 1, 0),
(1636, 36, 13, '2020-02-20', 1, 0),
(1637, 39, 13, '2020-02-20', 1, 0),
(1638, 37, 13, '2020-02-20', 1, 0),
(1639, 38, 13, '2020-02-20', 1, 0),
(1640, 41, 13, '2020-02-20', 1, 0),
(1641, 40, 13, '2020-02-20', 1, 0),
(1642, 42, 13, '2020-02-20', 1, 0),
(1643, 43, 13, '2020-02-20', 1, 0),
(1644, 45, 13, '2020-02-20', 1, 0),
(1645, 44, 13, '2020-02-20', 1, 0),
(1646, 46, 13, '2020-02-20', 1, 0),
(1647, 47, 13, '2020-02-20', 1, 0),
(1648, 48, 13, '2020-02-20', 1, 0),
(1649, 54, 13, '2020-02-20', 1, 0),
(1650, 49, 13, '2020-02-20', 1, 0),
(1651, 51, 13, '2020-02-20', 1, 0),
(1652, 12, 10, '2020-02-17', 1, 0),
(1653, 13, 10, '2020-02-17', 1, 0),
(1654, 14, 10, '2020-02-17', 1, 0),
(1655, 15, 10, '2020-02-17', 1, 0),
(1656, 16, 10, '2020-02-17', 1, 0),
(1657, 17, 10, '2020-02-17', 1, 0),
(1658, 18, 10, '2020-02-17', 1, 0),
(1659, 19, 10, '2020-02-17', 1, 0),
(1660, 20, 10, '2020-02-17', 1, 0),
(1661, 21, 10, '2020-02-17', 1, 0),
(1662, 22, 10, '2020-02-17', 1, 0),
(1663, 23, 10, '2020-02-17', 1, 0),
(1664, 26, 10, '2020-02-17', 1, 0),
(1665, 25, 10, '2020-02-17', 1, 0),
(1666, 24, 10, '2020-02-17', 1, 0),
(1667, 27, 10, '2020-02-17', 1, 0),
(1668, 30, 10, '2020-02-17', 1, 0),
(1669, 28, 10, '2020-02-17', 1, 0),
(1670, 29, 10, '2020-02-17', 1, 0),
(1671, 31, 10, '2020-02-17', 1, 0),
(1672, 33, 10, '2020-02-17', 1, 0),
(1673, 32, 10, '2020-02-17', 1, 0),
(1674, 34, 10, '2020-02-17', 1, 0),
(1675, 35, 10, '2020-02-17', 1, 0),
(1676, 38, 10, '2020-02-17', 1, 0),
(1677, 37, 10, '2020-02-17', 1, 0),
(1678, 36, 10, '2020-02-17', 1, 0),
(1679, 39, 10, '2020-02-17', 1, 0),
(1680, 40, 10, '2020-02-17', 1, 0),
(1681, 41, 10, '2020-02-17', 0, 0),
(1682, 42, 10, '2020-02-17', 1, 0),
(1683, 43, 10, '2020-02-17', 1, 0),
(1684, 44, 10, '2020-02-17', 1, 0),
(1685, 46, 10, '2020-02-17', 1, 0),
(1686, 45, 10, '2020-02-17', 1, 0),
(1687, 47, 10, '2020-02-17', 1, 0),
(1688, 48, 10, '2020-02-17', 1, 0),
(1689, 49, 10, '2020-02-17', 1, 0),
(1690, 51, 10, '2020-02-17', 1, 0),
(1691, 54, 10, '2020-02-17', 1, 0),
(1692, 12, 11, '2020-02-17', 1, 0),
(1693, 13, 11, '2020-02-17', 1, 0),
(1694, 15, 11, '2020-02-17', 1, 0),
(1695, 14, 11, '2020-02-17', 1, 0),
(1696, 16, 11, '2020-02-17', 1, 0),
(1697, 17, 11, '2020-02-17', 1, 0),
(1698, 18, 11, '2020-02-17', 1, 0),
(1699, 19, 11, '2020-02-17', 1, 0),
(1700, 20, 11, '2020-02-17', 1, 0),
(1701, 21, 11, '2020-02-17', 1, 0),
(1702, 22, 11, '2020-02-17', 1, 0),
(1703, 23, 11, '2020-02-17', 1, 0),
(1704, 24, 11, '2020-02-17', 1, 0),
(1705, 25, 11, '2020-02-17', 1, 0),
(1706, 26, 11, '2020-02-17', 1, 0),
(1707, 28, 11, '2020-02-17', 1, 0),
(1708, 27, 11, '2020-02-17', 1, 0),
(1709, 29, 11, '2020-02-17', 1, 0),
(1710, 30, 11, '2020-02-17', 1, 0),
(1711, 31, 11, '2020-02-17', 1, 0),
(1712, 32, 11, '2020-02-17', 1, 0),
(1713, 33, 11, '2020-02-17', 1, 0),
(1714, 35, 11, '2020-02-17', 1, 0),
(1715, 34, 11, '2020-02-17', 1, 0),
(1716, 37, 11, '2020-02-17', 1, 0),
(1717, 36, 11, '2020-02-17', 1, 0),
(1718, 38, 11, '2020-02-17', 1, 0),
(1719, 40, 11, '2020-02-17', 1, 0),
(1720, 39, 11, '2020-02-17', 1, 0),
(1721, 41, 11, '2020-02-17', 0, 0),
(1722, 42, 11, '2020-02-17', 1, 0),
(1723, 44, 11, '2020-02-17', 1, 0),
(1724, 45, 11, '2020-02-17', 1, 0),
(1725, 43, 11, '2020-02-17', 1, 0),
(1726, 46, 11, '2020-02-17', 1, 0),
(1727, 47, 11, '2020-02-17', 1, 0),
(1728, 48, 11, '2020-02-17', 1, 0),
(1729, 49, 11, '2020-02-17', 1, 0),
(1730, 54, 11, '2020-02-17', 1, 0),
(1731, 51, 11, '2020-02-17', 1, 0),
(1732, 12, 14, '2020-02-17', 1, 0),
(1733, 13, 14, '2020-02-17', 1, 0),
(1734, 14, 14, '2020-02-17', 1, 0),
(1735, 16, 14, '2020-02-17', 1, 0),
(1736, 15, 14, '2020-02-17', 1, 0),
(1737, 17, 14, '2020-02-17', 1, 0),
(1738, 18, 14, '2020-02-17', 1, 0),
(1739, 19, 14, '2020-02-17', 1, 0),
(1740, 20, 14, '2020-02-17', 1, 0),
(1741, 21, 14, '2020-02-17', 1, 0),
(1742, 22, 14, '2020-02-17', 1, 0),
(1743, 23, 14, '2020-02-17', 1, 0),
(1744, 24, 14, '2020-02-17', 1, 0),
(1745, 25, 14, '2020-02-17', 1, 0),
(1746, 26, 14, '2020-02-17', 1, 0),
(1747, 27, 14, '2020-02-17', 1, 0),
(1748, 28, 14, '2020-02-17', 1, 0),
(1749, 29, 14, '2020-02-17', 1, 0),
(1750, 30, 14, '2020-02-17', 1, 0),
(1751, 31, 14, '2020-02-17', 1, 0),
(1752, 32, 14, '2020-02-17', 1, 0),
(1753, 33, 14, '2020-02-17', 1, 0),
(1754, 34, 14, '2020-02-17', 1, 0),
(1755, 36, 14, '2020-02-17', 1, 0),
(1756, 35, 14, '2020-02-17', 1, 0),
(1757, 37, 14, '2020-02-17', 1, 0),
(1758, 38, 14, '2020-02-17', 1, 0),
(1759, 39, 14, '2020-02-17', 1, 0),
(1760, 40, 14, '2020-02-17', 1, 0),
(1761, 41, 14, '2020-02-17', 0, 0),
(1762, 42, 14, '2020-02-17', 1, 0),
(1763, 43, 14, '2020-02-17', 1, 0),
(1764, 44, 14, '2020-02-17', 1, 0),
(1765, 45, 14, '2020-02-17', 1, 0),
(1766, 46, 14, '2020-02-17', 1, 0),
(1767, 47, 14, '2020-02-17', 1, 0),
(1768, 48, 14, '2020-02-17', 1, 0),
(1769, 49, 14, '2020-02-17', 1, 0),
(1770, 51, 14, '2020-02-17', 1, 0),
(1771, 54, 14, '2020-02-17', 1, 0),
(1772, 12, 12, '2020-02-17', 1, 0),
(1773, 13, 12, '2020-02-17', 1, 0),
(1774, 15, 12, '2020-02-17', 1, 0),
(1775, 16, 12, '2020-02-17', 1, 0),
(1776, 14, 12, '2020-02-17', 1, 0),
(1777, 17, 12, '2020-02-17', 1, 0),
(1778, 18, 12, '2020-02-17', 1, 0),
(1779, 19, 12, '2020-02-17', 1, 0),
(1780, 20, 12, '2020-02-17', 1, 0),
(1781, 21, 12, '2020-02-17', 1, 0),
(1782, 22, 12, '2020-02-17', 1, 0),
(1783, 23, 12, '2020-02-17', 1, 0),
(1784, 24, 12, '2020-02-17', 1, 0),
(1785, 26, 12, '2020-02-17', 1, 0),
(1786, 25, 12, '2020-02-17', 1, 0),
(1787, 27, 12, '2020-02-17', 1, 0),
(1788, 28, 12, '2020-02-17', 1, 0),
(1789, 29, 12, '2020-02-17', 1, 0),
(1790, 30, 12, '2020-02-17', 1, 0),
(1791, 31, 12, '2020-02-17', 1, 0),
(1792, 32, 12, '2020-02-17', 1, 0),
(1793, 33, 12, '2020-02-17', 1, 0),
(1794, 34, 12, '2020-02-17', 1, 0),
(1795, 35, 12, '2020-02-17', 1, 0),
(1796, 36, 12, '2020-02-17', 1, 0),
(1797, 37, 12, '2020-02-17', 1, 0),
(1798, 40, 12, '2020-02-17', 1, 0),
(1799, 39, 12, '2020-02-17', 1, 0),
(1800, 38, 12, '2020-02-17', 1, 0),
(1801, 41, 12, '2020-02-17', 0, 0),
(1802, 42, 12, '2020-02-17', 1, 0),
(1803, 43, 12, '2020-02-17', 1, 0),
(1804, 44, 12, '2020-02-17', 1, 0),
(1805, 45, 12, '2020-02-17', 1, 0),
(1806, 46, 12, '2020-02-17', 1, 0),
(1807, 47, 12, '2020-02-17', 1, 0),
(1808, 51, 12, '2020-02-17', 1, 0),
(1809, 49, 12, '2020-02-17', 1, 0),
(1810, 48, 12, '2020-02-17', 1, 0),
(1811, 54, 12, '2020-02-17', 1, 0),
(1812, 12, 13, '2020-02-17', 1, 0),
(1813, 13, 13, '2020-02-17', 1, 0),
(1814, 14, 13, '2020-02-17', 1, 0),
(1815, 15, 13, '2020-02-17', 1, 0),
(1816, 16, 13, '2020-02-17', 1, 0),
(1817, 17, 13, '2020-02-17', 1, 0),
(1818, 18, 13, '2020-02-17', 1, 0),
(1819, 20, 13, '2020-02-17', 1, 0),
(1820, 19, 13, '2020-02-17', 1, 0),
(1821, 21, 13, '2020-02-17', 1, 0),
(1822, 23, 13, '2020-02-17', 1, 0),
(1823, 22, 13, '2020-02-17', 1, 0),
(1824, 24, 13, '2020-02-17', 1, 0),
(1825, 26, 13, '2020-02-17', 1, 0),
(1826, 25, 13, '2020-02-17', 1, 0),
(1827, 28, 13, '2020-02-17', 1, 0),
(1828, 27, 13, '2020-02-17', 1, 0),
(1829, 30, 13, '2020-02-17', 1, 0),
(1830, 29, 13, '2020-02-17', 1, 0),
(1831, 31, 13, '2020-02-17', 1, 0),
(1832, 32, 13, '2020-02-17', 1, 0),
(1833, 34, 13, '2020-02-17', 1, 0),
(1834, 36, 13, '2020-02-17', 1, 0),
(1835, 33, 13, '2020-02-17', 1, 0),
(1836, 35, 13, '2020-02-17', 1, 0),
(1837, 37, 13, '2020-02-17', 1, 0),
(1838, 40, 13, '2020-02-17', 1, 0),
(1839, 38, 13, '2020-02-17', 1, 0),
(1840, 39, 13, '2020-02-17', 1, 0),
(1841, 42, 13, '2020-02-17', 1, 0),
(1842, 44, 13, '2020-02-17', 1, 0),
(1843, 43, 13, '2020-02-17', 1, 0),
(1844, 45, 13, '2020-02-17', 1, 0),
(1845, 41, 13, '2020-02-17', 0, 0),
(1846, 46, 13, '2020-02-17', 1, 0),
(1847, 49, 13, '2020-02-17', 1, 0),
(1848, 48, 13, '2020-02-17', 1, 0),
(1849, 47, 13, '2020-02-17', 1, 0),
(1850, 51, 13, '2020-02-17', 1, 0),
(1851, 54, 13, '2020-02-17', 1, 0),
(1852, 54, 14, '2020-02-17', 1, 0),
(1853, 54, 12, '2020-02-17', 1, 0),
(1854, 54, 13, '2020-02-17', 1, 0),
(1855, 16, 8, '2020-02-18', 1, 0),
(1856, 15, 8, '2020-02-18', 1, 0),
(1857, 12, 8, '2020-02-18', 1, 0),
(1858, 13, 8, '2020-02-18', 1, 0),
(1859, 14, 8, '2020-02-18', 1, 0),
(1860, 17, 8, '2020-02-18', 1, 0),
(1861, 18, 8, '2020-02-18', 1, 0),
(1862, 19, 8, '2020-02-18', 1, 0),
(1863, 20, 8, '2020-02-18', 1, 0),
(1864, 21, 8, '2020-02-18', 1, 0),
(1865, 22, 8, '2020-02-18', 1, 0),
(1866, 23, 8, '2020-02-18', 0, 0),
(1867, 24, 8, '2020-02-18', 1, 0),
(1868, 25, 8, '2020-02-18', 1, 0),
(1869, 26, 8, '2020-02-18', 1, 0),
(1870, 27, 8, '2020-02-18', 1, 0),
(1871, 29, 8, '2020-02-18', 1, 0),
(1872, 28, 8, '2020-02-18', 1, 0),
(1873, 30, 8, '2020-02-18', 1, 0),
(1874, 32, 8, '2020-02-18', 1, 0),
(1875, 31, 8, '2020-02-18', 1, 0),
(1876, 33, 8, '2020-02-18', 1, 0),
(1877, 34, 8, '2020-02-18', 1, 0),
(1878, 35, 8, '2020-02-18', 1, 0),
(1879, 36, 8, '2020-02-18', 1, 0),
(1880, 37, 8, '2020-02-18', 1, 0),
(1881, 38, 8, '2020-02-18', 1, 0),
(1882, 39, 8, '2020-02-18', 1, 0),
(1883, 40, 8, '2020-02-18', 1, 0),
(1884, 41, 8, '2020-02-18', 1, 0),
(1885, 42, 8, '2020-02-18', 1, 0),
(1886, 43, 8, '2020-02-18', 1, 0),
(1887, 44, 8, '2020-02-18', 1, 0),
(1888, 45, 8, '2020-02-18', 1, 0),
(1889, 46, 8, '2020-02-18', 1, 0),
(1890, 47, 8, '2020-02-18', 1, 0),
(1891, 48, 8, '2020-02-18', 1, 0),
(1892, 49, 8, '2020-02-18', 1, 0),
(1893, 51, 8, '2020-02-18', 1, 0),
(1894, 54, 8, '2020-02-18', 1, 0),
(1895, 12, 9, '2020-02-18', 1, 0),
(1896, 13, 9, '2020-02-18', 1, 0),
(1897, 14, 9, '2020-02-18', 1, 0),
(1898, 15, 9, '2020-02-18', 1, 0),
(1899, 16, 9, '2020-02-18', 1, 0),
(1900, 17, 9, '2020-02-18', 1, 0),
(1901, 18, 9, '2020-02-18', 1, 0),
(1902, 20, 9, '2020-02-18', 1, 0),
(1903, 19, 9, '2020-02-18', 1, 0),
(1904, 21, 9, '2020-02-18', 1, 0),
(1905, 22, 9, '2020-02-18', 1, 0),
(1906, 24, 9, '2020-02-18', 1, 0),
(1907, 25, 9, '2020-02-18', 1, 0),
(1908, 26, 9, '2020-02-18', 1, 0),
(1909, 23, 9, '2020-02-18', 0, 0),
(1910, 27, 9, '2020-02-18', 1, 0),
(1911, 29, 9, '2020-02-18', 1, 0),
(1912, 28, 9, '2020-02-18', 1, 0),
(1913, 30, 9, '2020-02-18', 1, 0),
(1914, 31, 9, '2020-02-18', 1, 0),
(1915, 32, 9, '2020-02-18', 1, 0),
(1916, 34, 9, '2020-02-18', 1, 0),
(1917, 33, 9, '2020-02-18', 1, 0),
(1918, 35, 9, '2020-02-18', 1, 0),
(1919, 36, 9, '2020-02-18', 1, 0),
(1920, 38, 9, '2020-02-18', 1, 0),
(1921, 37, 9, '2020-02-18', 1, 0),
(1922, 39, 9, '2020-02-18', 1, 0),
(1923, 40, 9, '2020-02-18', 1, 0),
(1924, 42, 9, '2020-02-18', 1, 0),
(1925, 41, 9, '2020-02-18', 1, 0),
(1926, 43, 9, '2020-02-18', 1, 0),
(1927, 44, 9, '2020-02-18', 1, 0),
(1928, 45, 9, '2020-02-18', 1, 0),
(1929, 46, 9, '2020-02-18', 1, 0),
(1930, 48, 9, '2020-02-18', 1, 0),
(1931, 47, 9, '2020-02-18', 1, 0),
(1932, 49, 9, '2020-02-18', 1, 0),
(1933, 51, 9, '2020-02-18', 1, 0),
(1934, 54, 9, '2020-02-18', 1, 0),
(1935, 12, 10, '2020-02-18', 1, 0),
(1936, 13, 10, '2020-02-18', 1, 0),
(1937, 15, 10, '2020-02-18', 1, 0),
(1938, 14, 10, '2020-02-18', 1, 0),
(1939, 16, 10, '2020-02-18', 1, 0),
(1940, 17, 10, '2020-02-18', 1, 0),
(1941, 18, 10, '2020-02-18', 1, 0),
(1942, 20, 10, '2020-02-18', 1, 0),
(1943, 22, 10, '2020-02-18', 1, 0),
(1944, 21, 10, '2020-02-18', 1, 0),
(1945, 19, 10, '2020-02-18', 1, 0),
(1946, 23, 10, '2020-02-18', 0, 0),
(1947, 24, 10, '2020-02-18', 1, 0),
(1948, 25, 10, '2020-02-18', 1, 0),
(1949, 26, 10, '2020-02-18', 1, 0),
(1950, 27, 10, '2020-02-18', 1, 0),
(1951, 28, 10, '2020-02-18', 1, 0),
(1952, 31, 10, '2020-02-18', 1, 0),
(1953, 30, 10, '2020-02-18', 1, 0),
(1954, 29, 10, '2020-02-18', 1, 0),
(1955, 32, 10, '2020-02-18', 1, 0),
(1956, 33, 10, '2020-02-18', 1, 0),
(1957, 34, 10, '2020-02-18', 1, 0),
(1958, 35, 10, '2020-02-18', 1, 0),
(1959, 38, 10, '2020-02-18', 1, 0),
(1960, 36, 10, '2020-02-18', 1, 0),
(1961, 37, 10, '2020-02-18', 1, 0),
(1962, 39, 10, '2020-02-18', 1, 0),
(1963, 40, 10, '2020-02-18', 1, 0),
(1964, 41, 10, '2020-02-18', 1, 0),
(1965, 42, 10, '2020-02-18', 1, 0),
(1966, 44, 10, '2020-02-18', 1, 0),
(1967, 46, 10, '2020-02-18', 1, 0),
(1968, 45, 10, '2020-02-18', 1, 0),
(1969, 43, 10, '2020-02-18', 1, 0),
(1970, 48, 10, '2020-02-18', 1, 0),
(1971, 47, 10, '2020-02-18', 1, 0),
(1972, 49, 10, '2020-02-18', 1, 0),
(1973, 51, 10, '2020-02-18', 1, 0),
(1974, 54, 10, '2020-02-18', 1, 0),
(1975, 12, 11, '2020-02-18', 1, 0),
(1976, 13, 11, '2020-02-18', 1, 0),
(1977, 15, 11, '2020-02-18', 1, 0),
(1978, 14, 11, '2020-02-18', 1, 0),
(1979, 16, 11, '2020-02-18', 1, 0),
(1980, 17, 11, '2020-02-18', 1, 0),
(1981, 19, 11, '2020-02-18', 1, 0),
(1982, 18, 11, '2020-02-18', 1, 0),
(1983, 20, 11, '2020-02-18', 1, 0),
(1984, 21, 11, '2020-02-18', 1, 0),
(1985, 22, 11, '2020-02-18', 1, 0),
(1986, 23, 11, '2020-02-18', 1, 0),
(1987, 24, 11, '2020-02-18', 1, 0),
(1988, 25, 11, '2020-02-18', 1, 0),
(1989, 27, 11, '2020-02-18', 1, 0),
(1990, 26, 11, '2020-02-18', 1, 0),
(1991, 28, 11, '2020-02-18', 1, 0);
INSERT INTO `attendance` (`attendance_id`, `enrollment_id`, `subject`, `att_date`, `present`, `cons_absent`) VALUES
(1992, 29, 11, '2020-02-18', 1, 0),
(1993, 30, 11, '2020-02-18', 1, 0),
(1994, 31, 11, '2020-02-18', 1, 0),
(1995, 32, 11, '2020-02-18', 1, 0),
(1996, 33, 11, '2020-02-18', 1, 0),
(1997, 34, 11, '2020-02-18', 1, 0),
(1998, 35, 11, '2020-02-18', 1, 0),
(1999, 36, 11, '2020-02-18', 1, 0),
(2000, 37, 11, '2020-02-18', 1, 0),
(2001, 38, 11, '2020-02-18', 1, 0),
(2002, 39, 11, '2020-02-18', 1, 0),
(2003, 40, 11, '2020-02-18', 1, 0),
(2004, 41, 11, '2020-02-18', 1, 0),
(2005, 42, 11, '2020-02-18', 1, 0),
(2006, 43, 11, '2020-02-18', 1, 0),
(2007, 44, 11, '2020-02-18', 1, 0),
(2008, 45, 11, '2020-02-18', 1, 0),
(2009, 46, 11, '2020-02-18', 1, 0),
(2010, 49, 11, '2020-02-18', 1, 0),
(2011, 47, 11, '2020-02-18', 1, 0),
(2012, 48, 11, '2020-02-18', 1, 0),
(2013, 51, 11, '2020-02-18', 1, 0),
(2014, 54, 11, '2020-02-18', 0, 0),
(2015, 12, 14, '2020-02-18', 1, 0),
(2016, 14, 14, '2020-02-18', 1, 0),
(2017, 15, 14, '2020-02-18', 1, 0),
(2018, 16, 14, '2020-02-18', 1, 0),
(2019, 13, 14, '2020-02-18', 1, 0),
(2020, 17, 14, '2020-02-18', 1, 0),
(2021, 18, 14, '2020-02-18', 1, 0),
(2022, 19, 14, '2020-02-18', 1, 0),
(2023, 20, 14, '2020-02-18', 1, 0),
(2024, 21, 14, '2020-02-18', 1, 0),
(2025, 22, 14, '2020-02-18', 1, 0),
(2026, 23, 14, '2020-02-18', 1, 0),
(2027, 24, 14, '2020-02-18', 1, 0),
(2028, 25, 14, '2020-02-18', 1, 0),
(2029, 26, 14, '2020-02-18', 0, 0),
(2030, 27, 14, '2020-02-18', 1, 0),
(2031, 28, 14, '2020-02-18', 1, 0),
(2032, 29, 14, '2020-02-18', 1, 0),
(2033, 30, 14, '2020-02-18', 1, 0),
(2034, 31, 14, '2020-02-18', 1, 0),
(2035, 32, 14, '2020-02-18', 1, 0),
(2036, 33, 14, '2020-02-18', 1, 0),
(2037, 34, 14, '2020-02-18', 1, 0),
(2038, 35, 14, '2020-02-18', 1, 0),
(2039, 36, 14, '2020-02-18', 1, 0),
(2040, 37, 14, '2020-02-18', 1, 0),
(2041, 38, 14, '2020-02-18', 1, 0),
(2042, 39, 14, '2020-02-18', 1, 0),
(2043, 40, 14, '2020-02-18', 1, 0),
(2044, 41, 14, '2020-02-18', 1, 0),
(2045, 42, 14, '2020-02-18', 1, 0),
(2046, 43, 14, '2020-02-18', 1, 0),
(2047, 44, 14, '2020-02-18', 1, 0),
(2048, 45, 14, '2020-02-18', 1, 0),
(2049, 46, 14, '2020-02-18', 1, 0),
(2050, 47, 14, '2020-02-18', 1, 0),
(2051, 48, 14, '2020-02-18', 1, 0),
(2052, 49, 14, '2020-02-18', 1, 0),
(2053, 51, 14, '2020-02-18', 1, 0),
(2054, 54, 14, '2020-02-18', 1, 0),
(2055, 12, 12, '2020-02-18', 1, 0),
(2056, 13, 12, '2020-02-18', 1, 0),
(2057, 14, 12, '2020-02-18', 1, 0),
(2058, 15, 12, '2020-02-18', 1, 0),
(2059, 16, 12, '2020-02-18', 1, 0),
(2060, 17, 12, '2020-02-18', 1, 0),
(2061, 18, 12, '2020-02-18', 1, 0),
(2062, 19, 12, '2020-02-18', 1, 0),
(2063, 20, 12, '2020-02-18', 1, 0),
(2064, 21, 12, '2020-02-18', 1, 0),
(2065, 22, 12, '2020-02-18', 1, 0),
(2066, 24, 12, '2020-02-18', 1, 0),
(2067, 23, 12, '2020-02-18', 1, 0),
(2068, 25, 12, '2020-02-18', 1, 0),
(2069, 26, 12, '2020-02-18', 1, 0),
(2070, 28, 12, '2020-02-18', 1, 0),
(2071, 29, 12, '2020-02-18', 1, 0),
(2072, 30, 12, '2020-02-18', 1, 0),
(2073, 27, 12, '2020-02-18', 1, 0),
(2074, 31, 12, '2020-02-18', 1, 0),
(2075, 32, 12, '2020-02-18', 1, 0),
(2076, 34, 12, '2020-02-18', 1, 0),
(2077, 33, 12, '2020-02-18', 1, 0),
(2078, 35, 12, '2020-02-18', 1, 0),
(2079, 36, 12, '2020-02-18', 1, 0),
(2080, 37, 12, '2020-02-18', 1, 0),
(2081, 38, 12, '2020-02-18', 1, 0),
(2082, 39, 12, '2020-02-18', 1, 0),
(2083, 41, 12, '2020-02-18', 1, 0),
(2084, 40, 12, '2020-02-18', 1, 0),
(2085, 42, 12, '2020-02-18', 1, 0),
(2086, 43, 12, '2020-02-18', 1, 0),
(2087, 44, 12, '2020-02-18', 1, 0),
(2088, 46, 12, '2020-02-18', 1, 0),
(2089, 45, 12, '2020-02-18', 1, 0),
(2090, 48, 12, '2020-02-18', 1, 0),
(2091, 47, 12, '2020-02-18', 1, 0),
(2092, 49, 12, '2020-02-18', 1, 0),
(2093, 51, 12, '2020-02-18', 1, 0),
(2094, 54, 12, '2020-02-18', 0, 0),
(2095, 12, 13, '2020-02-18', 1, 0),
(2096, 13, 13, '2020-02-18', 1, 0),
(2097, 14, 13, '2020-02-18', 1, 0),
(2098, 15, 13, '2020-02-18', 1, 0),
(2099, 16, 13, '2020-02-18', 1, 0),
(2100, 17, 13, '2020-02-18', 1, 0),
(2101, 18, 13, '2020-02-18', 1, 0),
(2102, 19, 13, '2020-02-18', 1, 0),
(2103, 20, 13, '2020-02-18', 1, 0),
(2104, 21, 13, '2020-02-18', 1, 0),
(2105, 22, 13, '2020-02-18', 1, 0),
(2106, 23, 13, '2020-02-18', 1, 0),
(2107, 24, 13, '2020-02-18', 1, 0),
(2108, 25, 13, '2020-02-18', 1, 0),
(2109, 26, 13, '2020-02-18', 1, 0),
(2110, 27, 13, '2020-02-18', 1, 0),
(2111, 28, 13, '2020-02-18', 1, 0),
(2112, 29, 13, '2020-02-18', 1, 0),
(2113, 31, 13, '2020-02-18', 1, 0),
(2114, 30, 13, '2020-02-18', 1, 0),
(2115, 32, 13, '2020-02-18', 1, 0),
(2116, 34, 13, '2020-02-18', 1, 0),
(2117, 33, 13, '2020-02-18', 1, 0),
(2118, 35, 13, '2020-02-18', 1, 0),
(2119, 36, 13, '2020-02-18', 1, 0),
(2120, 38, 13, '2020-02-18', 1, 0),
(2121, 37, 13, '2020-02-18', 1, 0),
(2122, 40, 13, '2020-02-18', 1, 0),
(2123, 39, 13, '2020-02-18', 1, 0),
(2124, 44, 13, '2020-02-18', 1, 0),
(2125, 41, 13, '2020-02-18', 1, 0),
(2126, 42, 13, '2020-02-18', 1, 0),
(2127, 43, 13, '2020-02-18', 1, 0),
(2128, 46, 13, '2020-02-18', 1, 0),
(2129, 45, 13, '2020-02-18', 1, 0),
(2130, 47, 13, '2020-02-18', 1, 0),
(2131, 51, 13, '2020-02-18', 1, 0),
(2132, 49, 13, '2020-02-18', 1, 0),
(2133, 48, 13, '2020-02-18', 1, 0),
(2134, 54, 13, '2020-02-18', 1, 0),
(2135, 56, 7, '0000-00-00', 0, 0),
(2136, 56, 7, '2020-02-25', 0, 0),
(2137, 56, 7, '2020-02-26', 0, 0),
(2138, 56, 7, '2020-02-26', 0, 0),
(2139, 56, 7, '2020-02-26', 0, 0),
(2140, 56, 7, '2020-02-26', 0, 0),
(2141, 56, 7, '2020-02-26', 0, 0),
(2142, 56, 7, '2020-02-26', 1, 0),
(2143, 56, 7, '2020-02-26', 0, 0),
(2144, 56, 7, '2020-02-27', 0, 0),
(2145, 56, 7, '2020-02-28', 0, 0),
(2146, 56, 7, '2020-02-27', 0, 0);

-- --------------------------------------------------------

--
-- Table structure for table `class`
--

CREATE TABLE `class` (
  `class_id` int(11) NOT NULL,
  `teacher_id` int(11) NOT NULL,
  `section_id` int(11) NOT NULL,
  `subject_id` int(11) NOT NULL,
  `schedule` varchar(100) NOT NULL
) ENGINE=InnoDB DEFAULT CHARSET=latin1;

--
-- Dumping data for table `class`
--

INSERT INTO `class` (`class_id`, `teacher_id`, `section_id`, `subject_id`, `schedule`) VALUES
(10, 35, 4, 7, '7:30 AM to 8:30 AM'),
(11, 37, 4, 8, '8:30 AM to 9:30 AM'),
(12, 36, 4, 9, '9:30 AM to 10:30 AM'),
(13, 38, 4, 10, '10:45 AM to 11:45 AM'),
(14, 39, 4, 11, '1:00 PM to 2:00 PM'),
(15, 40, 4, 14, '2:00 PM to 3:00 PM'),
(16, 41, 4, 12, '3:00 PM to 4:00 PM'),
(17, 40, 4, 13, '4:00 PM to 5:00 PM '),
(18, 32, 6, 7, '7:30 AM to 8:30 AM'),
(19, 36, 5, 9, '9:30 AM to 10:30 AM');

-- --------------------------------------------------------

--
-- Table structure for table `enrollment`
--

CREATE TABLE `enrollment` (
  `enrollment_id` int(11) NOT NULL,
  `student_id` int(11) NOT NULL,
  `section_id` int(11) NOT NULL
) ENGINE=InnoDB DEFAULT CHARSET=latin1;

--
-- Dumping data for table `enrollment`
--

INSERT INTO `enrollment` (`enrollment_id`, `student_id`, `section_id`) VALUES
(12, 14, 4),
(13, 15, 4),
(14, 16, 4),
(15, 17, 4),
(16, 18, 4),
(17, 19, 4),
(18, 20, 4),
(19, 21, 4),
(20, 22, 4),
(21, 23, 4),
(22, 24, 4),
(23, 25, 4),
(24, 26, 4),
(25, 27, 4),
(26, 28, 4),
(27, 29, 4),
(28, 30, 4),
(29, 31, 4),
(30, 32, 4),
(31, 33, 4),
(32, 34, 4),
(33, 35, 4),
(34, 36, 4),
(35, 37, 4),
(36, 38, 4),
(37, 39, 4),
(38, 40, 4),
(39, 41, 4),
(40, 42, 4),
(41, 43, 4),
(42, 44, 4),
(43, 45, 4),
(44, 46, 4),
(45, 47, 4),
(46, 48, 4),
(47, 49, 4),
(48, 50, 4),
(49, 51, 4),
(51, 53, 4),
(54, 54, 4),
(56, 56, 6);

-- --------------------------------------------------------

--
-- Table structure for table `guardian`
--

CREATE TABLE `guardian` (
  `guardian_id` int(11) NOT NULL,
  `lname` varchar(100) NOT NULL,
  `mname` varchar(100) NOT NULL,
  `fname` varchar(100) NOT NULL,
  `extname` varchar(10) NOT NULL,
  `contactnumber` varchar(20) NOT NULL,
  `relation` varchar(50) NOT NULL
) ENGINE=InnoDB DEFAULT CHARSET=latin1;

--
-- Dumping data for table `guardian`
--

INSERT INTO `guardian` (`guardian_id`, `lname`, `mname`, `fname`, `extname`, `contactnumber`, `relation`) VALUES
(17, 'ROsales', 'Mangaplao', 'Erlita', '', '9207850518', 'Mother'),
(18, 'Banquil', 'Abella', 'Marilyn', '', '9483649614', 'Mother'),
(19, 'Baring', 'Canda', 'Yolanda', '', '9381913101', 'Mother'),
(20, 'Bellita', 'Salino', 'Lilibeth', '', '9102103651', 'Mother'),
(21, 'Cabanlet', 'Ecoling', 'Gina', '', '9094942771', 'Mother'),
(22, 'Dimaano', 'Mercado', 'Vivian', '', '9381192382', 'Mother'),
(23, 'Entina', 'Gerardino', 'Elizabeth', '', '9503360195', 'Mother'),
(24, 'Metran', 'Damaolao', 'Mary Grace', '', '9486608680', 'Mother'),
(25, 'Nazareno', 'Basunillo', 'Ma Rodella', '', '9109343381', 'Mother'),
(26, 'Nituda', 'Saranza', 'Marichu', '', '9128331187', 'Mother'),
(27, 'Obiedo', 'Jalbuena', 'Joan', '', '9309737984', 'Mother'),
(28, 'Perol', 'Arceno', 'Margie', '', '9507319565', 'Mother'),
(29, 'Sales', 'Boiser', 'Imelda', '', '9109735204', 'Mother'),
(30, 'Salvador', 'Gregorio', 'Gory', '', '9264101789', 'Mother'),
(31, 'Singcolan', 'Jacobe', 'Sarah', '', '9497030822', 'Mother'),
(32, 'Tagaro', 'Nemis', 'Neri', '', '9083378442', 'Mother'),
(33, 'Tormento', 'Saligumba', 'Jocelle', '', '9486254208', 'Mother'),
(34, 'Badajos', 'Esperanza', 'Lovella', '', '9993194069', 'Mother'),
(35, 'Barcelon', 'Amora', 'Rocella', '', '9468368890', 'Mother'),
(36, 'Bensig', 'Blase', 'Gina', '', '9466557125', 'Mother'),
(37, 'Crisante', 'Cutamora', 'Marivic', '', '9463620195', 'Mother'),
(38, 'Cuares', 'Vallar', 'Cecilla', '', '9101427933', 'Mother'),
(39, 'Dizor', 'Calba', 'Josephine', '', '9304514741', 'Mother'),
(40, 'Embol', 'Lipalim', 'Marivic', '', '9092837355', 'Mother'),
(41, 'Flores', 'Dandanon', 'Robalyn', '', '9100268634', 'Mother'),
(42, 'Gerona', 'Lopez', 'Jackielyn', '', '9182688106', 'Mother'),
(43, 'Ilagan', 'Condeza', 'JOnaliza', '', '9072008503', 'Mother'),
(44, 'Indoc', 'Candelario', 'Lovella', '', '9386039408', 'Mother'),
(45, 'Mijares', 'Lagremas', 'Rosalie', '', '9408075137', 'Mother'),
(46, 'Milliones', 'Tubod', 'Rosario', '', '9489178359', 'Mother'),
(47, 'Mollida', 'Alimanguhan', 'Maria Renelyn', '', '9125970753', 'Mother'),
(48, 'Navarra', 'Cuervas', 'Neomie', '', '9129864243', 'Mother'),
(49, 'Peteros', 'Monta', 'Lorie Jane', '', '9991660603', 'Mother'),
(50, 'Picatoste', 'Longakit', 'Iris', '', '9483206508', 'Mother'),
(51, 'Sabatin', 'Cabiguin', 'Roselyn', '', '9463458176', 'Mother'),
(52, 'Salem', 'Acabo', 'Milba', '', '9453167023', 'Mother'),
(53, 'Tello', 'Besing', 'Tabita', '', '9672597957', 'Mother'),
(54, 'Sampayan', 'Arnopia', 'Jenny', '', '9109089780', 'Mother'),
(55, 'Zapico', 'Andojoyan', 'Jogit', '', '9070634472', 'Mother'),
(56, 'Zapico', 'Andojoyan', 'Jogit', '', '9070634472', 'Mother'),
(57, 'Avenido', 'Rabina', 'Myrna', '', '9383378442', 'MOther'),
(58, 'test', 'tesT', 'TEst', 'test', '9484094735', 'test'),
(59, 'test', 'test', 'test', 'test', '9484094735', 'TEST');

-- --------------------------------------------------------

--
-- Table structure for table `message`
--

CREATE TABLE `message` (
  `id` int(11) NOT NULL,
  `name` int(11) NOT NULL,
  `content` text NOT NULL
) ENGINE=InnoDB DEFAULT CHARSET=latin1;

-- --------------------------------------------------------

--
-- Table structure for table `notification`
--

CREATE TABLE `notification` (
  `id` int(11) NOT NULL,
  `messege_id` int(11) NOT NULL,
  `student_id` int(11) NOT NULL,
  `notif_date` varchar(20) NOT NULL
) ENGINE=InnoDB DEFAULT CHARSET=latin1;

-- --------------------------------------------------------

--
-- Table structure for table `section`
--

CREATE TABLE `section` (
  `section_id` int(11) NOT NULL,
  `name` varchar(20) NOT NULL,
  `grade_level` varchar(20) NOT NULL,
  `session` varchar(20) NOT NULL,
  `teacher_id` int(11) NOT NULL,
  `sy` varchar(20) NOT NULL
) ENGINE=InnoDB DEFAULT CHARSET=latin1;

--
-- Dumping data for table `section`
--

INSERT INTO `section` (`section_id`, `name`, `grade_level`, `session`, `teacher_id`, `sy`) VALUES
(4, 'Einstien', 'Grade 10', '', 35, '2019-2020'),
(5, 'Newton', 'Grade 10', 'Morning', 36, '2019-2020'),
(6, 'TEST', 'Grade 10', '', 32, 'TEST');

-- --------------------------------------------------------

--
-- Table structure for table `student`
--

CREATE TABLE `student` (
  `id` int(11) NOT NULL,
  `lrn` varchar(50) NOT NULL,
  `fname` varchar(100) NOT NULL,
  `mname` varchar(100) NOT NULL,
  `lname` varchar(100) NOT NULL,
  `extname` varchar(15) NOT NULL,
  `birthday` date NOT NULL,
  `address` varchar(250) NOT NULL,
  `sex` varchar(20) NOT NULL,
  `guardian_id` int(11) NOT NULL
) ENGINE=InnoDB DEFAULT CHARSET=latin1;

--
-- Dumping data for table `student`
--

INSERT INTO `student` (`id`, `lrn`, `fname`, `mname`, `lname`, `extname`, `birthday`, `address`, `sex`, `guardian_id`) VALUES
(14, '', 'Felix', 'Rosales', 'Albior', '', '2001-05-04', 'Ampayon, Butuan City', '', 17),
(15, '', 'Earl Brian', 'Banquil', 'Awit', '', '2004-04-30', 'Ampayon, Butuan City', '', 18),
(16, '', 'Jesus', 'Canda', 'Baring', '', '2002-03-22', 'Ampayon, Butuan City', '', 19),
(17, '', 'Charles', 'Salino', 'Bellita', '', '2003-05-27', 'Ampayon, Butuan City', '', 20),
(18, '', 'Elced Glister', 'Ecoling', 'Cabanlet', '', '2003-05-11', 'Ampayon, Butuan City', '', 21),
(19, '', 'Carl Anthony', 'Mercado', 'Dimaano', '', '2004-03-14', 'Ampayon, Butuan City', '', 22),
(20, '', 'Mark Chene', 'Gerardino', 'Entina', '', '2002-02-24', 'Taguibo, Butuan City', '', 23),
(21, '', 'Roel', 'Damaolao', 'Metran', 'Jr', '2004-04-15', 'Sumilihon, Butuan City', '', 24),
(22, '', 'Romeo', 'Basunillo', 'Nazareno', 'III', '2003-09-09', 'Ampayon, Butuan City', '', 25),
(23, '', 'Christian', 'Saranza', 'Nituda', '', '2003-10-23', 'Ampayon, Butuan City', '', 26),
(24, '', 'Dexter', '', 'Obiedo', '', '2002-12-11', 'Ampayon, Butuan City', '', 27),
(25, '', 'Kyle Jasper', 'Arceno', 'Perol', '', '2003-09-06', 'Ampayon, Butuan City', '', 28),
(26, '', 'Marc Nelson', 'Boiser', 'Sales', '', '2003-05-09', 'Ampayon, Butuan City', '', 29),
(27, '', 'Andre', 'Gregorio', 'Salvador', '', '2004-02-24', 'Ampayon, Butuan City', '', 30),
(28, '', 'Sedrick', 'Jacobe', 'Singcolan', '', '2000-05-15', 'Ampayon, Butuan City', '', 31),
(29, '', 'Mike', 'Nemis', 'Tagaro', '', '2003-12-24', 'Ampayon, Butuan City', '', 32),
(30, '', 'Cyrus', 'Saligumba', 'Tormento', '', '2003-12-16', 'Ampayon, Butuan City', '', 33),
(31, '', 'Blanche', 'Esperanza', 'Badajos', '', '2004-10-09', 'Ampayon, Butuan City', '', 34),
(32, '', 'Jona Rose', 'Amora', 'Barcelona', '', '2001-05-11', 'Ampayon, Butuan City', '', 35),
(33, '', 'Barbie Jean Nicole', 'Blase', 'Bensig', '', '2003-06-30', 'Ampayon, Butuan City', '', 36),
(34, '', 'Maricris', 'Cutamora', 'Crisante', '', '2002-07-03', 'Ampayon, Butuan City', '', 37),
(35, '', 'Rose Ann', 'Vallar', 'Cuares', '', '2003-09-29', 'Ampayon, Butuan City', '', 38),
(36, '', 'Jenevive', 'Calba', 'Dizor', '', '2003-10-27', 'Ampayon, Butuan City', '', 39),
(37, '', 'Erica Joyce', 'Lipalim', 'Embol', '', '2003-10-21', 'Ampayon, Butuan City', '', 40),
(38, '', 'Jane Susette', 'Dandanon', 'Flores', '', '2002-07-24', 'Ampayon, Butuan City', '', 41),
(39, '', 'Lyslie Mae', 'Lopez', 'Gerona', '', '2002-08-23', 'Ampayon, Butuan City', '', 42),
(40, '', 'Alexa Mae', 'Condeza', 'Ilagan', '', '2004-01-30', 'Ampayon, Butuan City', '', 43),
(41, '', 'Kyla Jovelle', 'Candelario', 'Indoc', '', '2003-12-17', 'Ampayon, Butuan City', '', 44),
(42, '', 'Aires', 'Lagremas', 'Mijares', '', '2003-09-19', 'Antical, Butuan City', '', 45),
(43, '', 'Cristine', 'Tubod', 'Milliones', '', '2003-07-06', 'Ampayon, Butuan City', '', 46),
(44, '', 'Joan', 'Alimanguhan', 'Mollida', '', '2003-11-14', 'Ampayon, Butuan City', '', 47),
(45, '', 'Pamela Lyka', 'Cuervas', 'Navarra', '', '2002-05-08', 'Ampayon, Butuan City', '', 48),
(46, '', 'Donna Jane', 'Monta', 'Peteros', '', '2004-10-13', 'Ampayon, Butuan City', '', 49),
(47, '', 'Lesly Angel', 'Longakit', 'Picatoste', '', '2003-12-24', 'Ampayon, Butuan City', '', 50),
(48, '', 'Barbie Jane', '', 'Sabatin', '', '2000-11-03', 'Ampayon, Butuan City', '', 51),
(49, '', 'Zyra Marie', 'Acabo', 'Salem', '', '2003-12-13', 'Ampayon, Butuan City', '', 52),
(50, '', 'Jean Martha', 'Besing', 'Tello', '', '2004-02-10', 'Ampayon, Butuan City', '', 53),
(51, '', 'Maryjen', 'Arnopia', 'Sampayan', '', '2003-11-23', 'Ampayon, Butuan City', '', 54),
(53, '', 'Pricess Joy', 'Andojoyan', 'Zapico', '', '2004-09-15', 'Pianing, Butuan City', '', 56),
(54, '', 'Jo-an', 'Rabina', 'Avenido', '', '1999-06-24', 'Ampayon, Butuan City', '', 57),
(55, '', 'TEST', 'TEst', 'test', 'test', '2001-05-18', 'TEST', 'Male', 58),
(56, '', 'TES', 'TEST', 'test', 'test', '2001-05-10', 'TEST', 'Male', 59);

-- --------------------------------------------------------

--
-- Table structure for table `subject`
--

CREATE TABLE `subject` (
  `subject_id` int(11) NOT NULL,
  `name` varchar(50) NOT NULL
) ENGINE=InnoDB DEFAULT CHARSET=latin1;

--
-- Dumping data for table `subject`
--

INSERT INTO `subject` (`subject_id`, `name`) VALUES
(7, 'Filipino'),
(8, 'Science'),
(9, 'T.L.E.'),
(10, 'English'),
(11, 'Math'),
(12, 'MAPEH'),
(13, 'ESP'),
(14, 'Araling Panlipunan');

-- --------------------------------------------------------

--
-- Table structure for table `teacher`
--

CREATE TABLE `teacher` (
  `id` int(11) NOT NULL,
  `fname` varchar(100) NOT NULL,
  `mname` varchar(100) NOT NULL,
  `lname` varchar(100) NOT NULL,
  `extname` varchar(10) NOT NULL,
  `bday` date NOT NULL,
  `address` varchar(250) NOT NULL
) ENGINE=InnoDB DEFAULT CHARSET=latin1;

--
-- Dumping data for table `teacher`
--

INSERT INTO `teacher` (`id`, `fname`, `mname`, `lname`, `extname`, `bday`, `address`) VALUES
(32, 'TEST', 'Agata', 'Soliman', '', '1991-05-12', 'Test'),
(35, 'Margeline', 'Cepe', 'Cabonce', '', '0000-00-00', ''),
(36, 'Leonita', 'Aruelo', 'Ga-as', '', '1974-10-29', 'Ampayon Butuan City'),
(37, 'DG Waltermark', 'Gregorio', 'Dohinog', '', '1980-01-07', 'Ampayon Butuan City'),
(38, 'Denise Jane', 'Alimpolos', 'Leyson', '', '1991-06-01', 'Butuan City'),
(39, 'Diobel', 'Cintino', 'Tagaro', '', '1963-06-01', 'Ampayon, Butuan City'),
(40, 'Rex', 'Berlat', 'Montederamos', '', '1981-06-01', 'Butuan City'),
(41, 'Fritzi Joy', 'Jumawan', 'Ebrado', '', '1981-06-01', 'Sibagat'),
(42, 'Orlando', 'Macabulos', 'Toledo', '', '1982-08-21', 'Butuan City');

--
-- Indexes for dumped tables
--

--
-- Indexes for table `account`
--
ALTER TABLE `account`
  ADD PRIMARY KEY (`account_id`),
  ADD KEY `teacher` (`teacher_id`);

--
-- Indexes for table `attendance`
--
ALTER TABLE `attendance`
  ADD PRIMARY KEY (`attendance_id`),
  ADD KEY `enrollment` (`enrollment_id`),
  ADD KEY `subject` (`subject`);

--
-- Indexes for table `class`
--
ALTER TABLE `class`
  ADD PRIMARY KEY (`class_id`),
  ADD KEY `teacher_id` (`teacher_id`),
  ADD KEY `section_id` (`section_id`),
  ADD KEY `subject_id` (`subject_id`);

--
-- Indexes for table `enrollment`
--
ALTER TABLE `enrollment`
  ADD PRIMARY KEY (`enrollment_id`),
  ADD KEY `student` (`student_id`),
  ADD KEY `class` (`section_id`);

--
-- Indexes for table `guardian`
--
ALTER TABLE `guardian`
  ADD PRIMARY KEY (`guardian_id`),
  ADD KEY `guardian_id` (`guardian_id`);

--
-- Indexes for table `message`
--
ALTER TABLE `message`
  ADD PRIMARY KEY (`id`);

--
-- Indexes for table `notification`
--
ALTER TABLE `notification`
  ADD PRIMARY KEY (`id`),
  ADD KEY `message` (`messege_id`),
  ADD KEY `student` (`student_id`);

--
-- Indexes for table `section`
--
ALTER TABLE `section`
  ADD PRIMARY KEY (`section_id`),
  ADD KEY `teacher_id` (`teacher_id`);

--
-- Indexes for table `student`
--
ALTER TABLE `student`
  ADD PRIMARY KEY (`id`),
  ADD KEY `guardian_id` (`guardian_id`);

--
-- Indexes for table `subject`
--
ALTER TABLE `subject`
  ADD PRIMARY KEY (`subject_id`);

--
-- Indexes for table `teacher`
--
ALTER TABLE `teacher`
  ADD PRIMARY KEY (`id`);

--
-- AUTO_INCREMENT for dumped tables
--

--
-- AUTO_INCREMENT for table `account`
--
ALTER TABLE `account`
  MODIFY `account_id` int(11) NOT NULL AUTO_INCREMENT, AUTO_INCREMENT=12;

--
-- AUTO_INCREMENT for table `attendance`
--
ALTER TABLE `attendance`
  MODIFY `attendance_id` int(11) NOT NULL AUTO_INCREMENT, AUTO_INCREMENT=2147;

--
-- AUTO_INCREMENT for table `class`
--
ALTER TABLE `class`
  MODIFY `class_id` int(11) NOT NULL AUTO_INCREMENT, AUTO_INCREMENT=20;

--
-- AUTO_INCREMENT for table `enrollment`
--
ALTER TABLE `enrollment`
  MODIFY `enrollment_id` int(11) NOT NULL AUTO_INCREMENT, AUTO_INCREMENT=57;

--
-- AUTO_INCREMENT for table `guardian`
--
ALTER TABLE `guardian`
  MODIFY `guardian_id` int(11) NOT NULL AUTO_INCREMENT, AUTO_INCREMENT=60;

--
-- AUTO_INCREMENT for table `message`
--
ALTER TABLE `message`
  MODIFY `id` int(11) NOT NULL AUTO_INCREMENT;

--
-- AUTO_INCREMENT for table `notification`
--
ALTER TABLE `notification`
  MODIFY `id` int(11) NOT NULL AUTO_INCREMENT;

--
-- AUTO_INCREMENT for table `section`
--
ALTER TABLE `section`
  MODIFY `section_id` int(11) NOT NULL AUTO_INCREMENT, AUTO_INCREMENT=7;

--
-- AUTO_INCREMENT for table `student`
--
ALTER TABLE `student`
  MODIFY `id` int(11) NOT NULL AUTO_INCREMENT, AUTO_INCREMENT=57;

--
-- AUTO_INCREMENT for table `subject`
--
ALTER TABLE `subject`
  MODIFY `subject_id` int(11) NOT NULL AUTO_INCREMENT, AUTO_INCREMENT=15;

--
-- AUTO_INCREMENT for table `teacher`
--
ALTER TABLE `teacher`
  MODIFY `id` int(11) NOT NULL AUTO_INCREMENT, AUTO_INCREMENT=43;

--
-- Constraints for dumped tables
--

--
-- Constraints for table `account`
--
ALTER TABLE `account`
  ADD CONSTRAINT `account_ibfk_1` FOREIGN KEY (`teacher_id`) REFERENCES `teacher` (`id`);

--
-- Constraints for table `attendance`
--
ALTER TABLE `attendance`
  ADD CONSTRAINT `attendance_ibfk_2` FOREIGN KEY (`subject`) REFERENCES `subject` (`subject_id`),
  ADD CONSTRAINT `attendance_ibfk_3` FOREIGN KEY (`enrollment_id`) REFERENCES `enrollment` (`enrollment_id`);

--
-- Constraints for table `class`
--
ALTER TABLE `class`
  ADD CONSTRAINT `class_ibfk_1` FOREIGN KEY (`teacher_id`) REFERENCES `teacher` (`id`),
  ADD CONSTRAINT `class_ibfk_2` FOREIGN KEY (`subject_id`) REFERENCES `subject` (`subject_id`),
  ADD CONSTRAINT `class_ibfk_3` FOREIGN KEY (`section_id`) REFERENCES `section` (`section_id`);

--
-- Constraints for table `enrollment`
--
ALTER TABLE `enrollment`
  ADD CONSTRAINT `enrollment_ibfk_1` FOREIGN KEY (`student_id`) REFERENCES `student` (`id`),
  ADD CONSTRAINT `enrollment_ibfk_2` FOREIGN KEY (`section_id`) REFERENCES `section` (`section_id`);

--
-- Constraints for table `notification`
--
ALTER TABLE `notification`
  ADD CONSTRAINT `notification_ibfk_1` FOREIGN KEY (`messege_id`) REFERENCES `message` (`id`),
  ADD CONSTRAINT `notification_ibfk_2` FOREIGN KEY (`student_id`) REFERENCES `student` (`id`);

--
-- Constraints for table `section`
--
ALTER TABLE `section`
  ADD CONSTRAINT `section_ibfk_1` FOREIGN KEY (`teacher_id`) REFERENCES `teacher` (`id`);

--
-- Constraints for table `student`
--
ALTER TABLE `student`
  ADD CONSTRAINT `student_ibfk_1` FOREIGN KEY (`guardian_id`) REFERENCES `guardian` (`guardian_id`);
COMMIT;

/*!40101 SET CHARACTER_SET_CLIENT=@OLD_CHARACTER_SET_CLIENT */;
/*!40101 SET CHARACTER_SET_RESULTS=@OLD_CHARACTER_SET_RESULTS */;
/*!40101 SET COLLATION_CONNECTION=@OLD_COLLATION_CONNECTION */;
